Player,Season,Country,Position,Games,Win rate,KDA,Avg kills,Avg deaths,Avg assists,CSM,GPM,KP%,DMG%,DPM,VSPM,Avg WPM,Avg WCPM,Avg VWPM,GD@15,CSD@15,XPD@15,FB %,FB Victim,Penta Kills,Solo Kills
ADD,S6,KR,TOP,45,46.7%,2.6,2.1,3,5.6,6.8,360,67.3%,21.4,439,-,0.57,0.16,0.13,-250,-9,-398,26.7%,13.3%,0,11
Crazy,S6,KR,TOP,53,45.3%,3.5,1.5,1.7,4.6,7.5,363,57.3%,21.4,389,-,0.55,0.14,0.1,-144,-0,-224,20.8%,15.1%,0,6
CuVee,S6,KR,TOP,94,55.3%,2.7,2.1,2.5,4.6,7.8,379,58.1%,20.2,403,-,0.56,0.15,0.11,-11,-1,-101,19.1%,7.4%,0,21
Duke,S6,KR,TOP,98,66.3%,4.1,2.5,2,5.6,8.2,399,65.4%,19.4,425,-,0.45,0.12,0.06,191,8,381,15.3%,13.3%,0,26
Expession,S6,,TOP,67,43.3%,3.2,1.8,1.9,4.4,7.8,374,61.5%,21.3,426,-,0.48,0.14,0.07,160,4,261,22.4%,13.4%,0,8
Firetrap,S6,,TOP,5,20%,3.6,1.6,1.6,4.2,8.3,370,70.3%,14.4,244,-,0.52,0.13,0.05,92,6,137,60%,0%,0,-
Flame,S6,KR,TOP,17,47.1%,3.3,2.5,2.2,4.6,7.8,389,60.2%,19.6,377,-,0.57,0.15,0.13,187,4,76,5.9%,17.6%,0,6
Helper,S6,CN,TOP,4,50%,2.7,1.8,2.8,5.8,7.2,361,61.5%,22.6,499,-,0.5,0.1,0.1,-119,-4,28,50%,0%,0,-
Hipo,S6,,TOP,40,20%,1.4,1,3.5,3.9,6.9,332,59.5%,17.4,304,-,0.55,0.15,0.1,-333,-10,-404,20%,15%,0,7
Ikssu,S6,KR,TOP,90,50%,2.8,2,2.8,5.8,7.1,361,68%,20.7,405,-,0.5,0.14,0.09,-40,-3,-79,26.7%,17.8%,0,13
Lindarang,S6,KR,TOP,12,25%,2.9,1.9,2.4,5.2,7.6,361,72.3%,21.3,405,-,0.55,0.09,0.12,-67,-4,58,33.3%,16.7%,0,3
Roach,S6,KR,TOP,13,46.2%,2.3,1.4,2.5,4.5,7.9,382,71.5%,19.9,376,-,0.55,0.13,0.1,-400,-17,-449,30.8%,15.4%,0,3
Shy,S6,KR,TOP,23,39.1%,2.6,1.2,2,4,8,372,49.5%,19.2,356,-,0.47,0.1,0.06,-164,0,-142,4.3%,17.4%,0,2
Smeb,S6,KR,TOP,90,75.6%,4.7,3.3,2.2,6.9,7.8,410,68.9%,22.9,500,-,0.49,0.13,0.07,313,7,233,36.7%,18.9%,0,25
SoHwan,S6,KR,TOP,2,0%,0.3,0,3,1,7.1,304,29.2%,12.8,177,-,0.53,0.08,0.1,-1391,-35,-1991,0%,50%,0,-
SoaR,S6,KR,TOP,10,20%,2.1,1.1,3,5.2,7.4,350,57.5%,16.9,309,-,0.49,0.17,0.07,-5,2,-58,20%,20%,0,-
Soul,S6,KR,TOP,39,20.5%,1.7,1.2,2.4,3,7.3,342,66.8%,22.1,354,-,0.54,0.18,0.1,-202,-0,-58,17.9%,10.3%,0,4
TrAce,S6,KR,TOP,96,49%,3.1,1.7,2.1,4.9,7.2,358,61.9%,22.4,412,-,0.53,0.16,0.12,7,-3,1,22.9%,19.8%,0,16
Untara,S6,KR,TOP,74,32.4%,2.5,1.6,2.6,5,7.2,346,68.5%,18.1,325,-,0.53,0.15,0.08,-219,-2,-139,13.5%,16.2%,0,11
ssumday,S6,KR,TOP,108,63%,3.9,3,2.4,6.3,8.2,400,68.5%,23.3,478,-,0.55,0.18,0.1,101,3,91,35.2%,18.5%,0,32
Ambition,S6,KR,JUNGLE,98,55.1%,3.3,2,2.2,5.4,4.9,366,67.6%,18.5,367,-,0.78,0.57,0.17,147,4,333,35.7%,16.3%,0,13
Ares,S6,,JUNGLE,7,42.9%,4.8,1,1.7,7.1,4.6,357,81.4%,14.7,282,-,0.86,0.54,0.21,91,3,492,71.4%,0%,0,1
Beyond,S6,KR,JUNGLE,45,46.7%,2.8,2.3,2.9,6,5,364,74.7%,17.1,355,-,0.65,0.41,0.11,-48,2,205,40%,8.9%,0,2
Bless,S6,KR,JUNGLE,51,43.1%,2.8,1.8,2.4,4.8,4.5,343,71.6%,18.9,331,-,0.61,0.53,0.12,-67,1,-148,35.3%,9.8%,0,8
Bubbling,S6,,JUNGLE,47,40.4%,2.5,1.3,2.7,5.3,3.7,315,65%,15.4,278,-,0.85,0.54,0.17,-559,-9,-622,21.3%,10.6%,0,2
Chaser,S6,,JUNGLE,55,36.4%,3.6,2,2.1,5.4,4.3,344,78.5%,16,303,-,0.86,0.53,0.24,103,0,52,43.6%,5.5%,0,1
Crash,S6,KR,JUNGLE,29,58.6%,3.5,2.7,2.2,4.9,5.2,388,72.6%,16.7,335,-,0.78,0.52,0.14,518,8,650,34.5%,6.9%,0,2
Crush,S6,KR,JUNGLE,47,19.1%,2.1,1.7,2.6,3.9,4.2,322,66.9%,15.6,275,-,0.66,0.47,0.13,-216,-1,-128,27.7%,14.9%,0,-
Flawless,S6,KR,JUNGLE,49,20.4%,1.7,1.4,3,3.7,4.2,319,68.2%,16.7,276,-,0.91,0.64,0.26,-240,-1,-188,30.6%,12.2%,0,2
Haru,S6,KR,JUNGLE,50,28%,2.3,2.3,2.9,4.4,4.3,342,73.5%,16.5,296,-,0.74,0.46,0.19,-29,-1,-83,34%,12%,0,3
Lira,S6,KR,JUNGLE,94,50%,3.5,2.5,2.4,5.8,4.9,366,73.4%,17.4,343,-,0.69,0.55,0.15,87,2,132,41.5%,6.4%,0,10
Peanut,S6,KR,JUNGLE,90,75.6%,5.7,3.6,1.9,7.4,4.5,383,74.1%,18,392,-,0.63,0.54,0.12,140,-0,32,50%,4.4%,0,11
Punch,S6,KR,JUNGLE,6,83.3%,3.4,2.8,2.7,6.2,4.5,376,76%,14.3,329,-,0.85,0.63,0.18,-244,-5,-525,50%,16.7%,0,-
Score,S6,KR,JUNGLE,108,63%,5.3,3,1.9,7,4.6,370,74.1%,18.4,377,-,0.69,0.58,0.14,157,-0,125,45.4%,5.6%,0,8
SeongHwan,S6,KR,JUNGLE,8,12.5%,2.6,1.9,2.5,4.6,3.8,319,72.8%,18.3,309,-,0.56,0.64,0.17,-482,-19,-841,37.5%,12.5%,0,-
Winged,S6,,JUNGLE,98,48%,3.9,1.8,1.8,5.3,4.8,350,69.5%,17,310,-,0.73,0.65,0.2,45,0,26,37.8%,6.1%,0,4
bengi,S6,KR,JUNGLE,31,61.3%,3.4,1.6,2.3,6.2,4,334,67%,13.4,294,-,0.79,0.55,0.11,-358,-7,-512,38.7%,16.1%,0,2
blank,S6,KR,JUNGLE,67,68.7%,4.1,2.6,2.2,6.6,4.4,365,68.2%,15.8,343,-,0.91,0.6,0.18,-134,-2,-290,31.3%,20.9%,0,7
Bdd,S6,KR,MID,52,30.8%,3.3,3.1,2.4,4.9,8.1,369,78.9%,29.1,537,-,0.52,0.15,0.08,-60,-0,9,9.6%,17.3%,0,9
Blanc,S6,,MID,8,50%,2.9,1.4,1.5,3,9,389,58%,29.7,502,-,0.49,0.16,0.11,-4,-9,-280,12.5%,12.5%,0,-
CoCo,S6,,MID,57,36.8%,3.1,2.7,2.3,4.3,8.6,386,71.8%,29.5,578,-,0.56,0.23,0.1,26,1,3,33.3%,8.8%,0,12
Crown,S6,KR,MID,98,55.1%,3.4,3.1,2.2,4.3,9.1,406,69%,30.2,601,-,0.55,0.21,0.12,86,5,127,20.4%,15.3%,1,24
Cry,S6,,MID,12,58.3%,3.2,2.3,2.3,5.3,8.3,372,65.7%,24.6,516,-,0.51,0.21,0.1,-241,-7,-207,25%,0%,0,-
Edge,S6,KR,MID,53,26.4%,3.1,2.3,2,3.8,8.7,376,70.7%,29.7,544,-,0.44,0.18,0.11,-47,1,0,22.6%,9.4%,0,9
Faker,S6,KR,MID,97,67%,4.2,3.5,2.1,5.4,8.7,416,68.9%,29.6,646,-,0.53,0.23,0.09,135,6,147,22.7%,8.2%,0,34
Fly,S6,KR,MID,108,63%,4.6,2.8,2,6.6,8.2,383,68.6%,26.1,538,-,0.5,0.2,0.14,-92,-4,-13,30.6%,7.4%,0,14
Frozen,S6,KR,MID,27,59.3%,4.2,2.1,1.7,4.9,8.4,395,63.3%,28.4,554,-,0.5,0.18,0.11,91,-3,73,18.5%,14.8%,0,4
Ian,S6,KR,MID,45,46.7%,4,3.2,1.9,4.3,7.8,373,64.9%,29.4,604,-,0.48,0.21,0.1,-73,-2,-103,22.2%,11.1%,0,5
Kuzan,S6,KR,MID,90,47.8%,3.9,2.8,1.9,4.5,8.5,377,71%,27.8,515,-,0.6,0.25,0.1,91,8,115,28.9%,6.7%,0,20
Mickey,S6,KR,MID,102,47.1%,3.1,2.7,2.6,5.2,8.8,401,69.9%,28.2,559,-,0.54,0.2,0.11,93,-0,-137,26.5%,10.8%,0,16
SaSin,S6,,MID,49,20.4%,2,1.9,2.6,3.4,8.5,366,76.4%,31.6,540,-,0.57,0.28,0.13,-269,-5,-98,22.4%,24.5%,0,3
Scout,S6,KR,MID,1,0%,1,1,2,1,8.1,375,100%,25.3,379,-,0.65,0.3,0.1,-683,-23,-403,0%,0%,0,1
Sky,S6,KR,MID,45,37.8%,2.6,2.1,2.4,4.3,8.6,379,68.1%,27.6,498,-,0.5,0.18,0.1,-137,-5,-172,15.6%,17.8%,0,7
Tempt,S6,KR,MID,58,43.1%,3.2,2.7,2,3.8,8.4,374,66.7%,28.7,527,-,0.49,0.15,0.12,-93,-3,-86,24.1%,8.6%,0,7
kurO,S6,KR,MID,78,78.2%,6.2,3.9,1.7,6.7,8.2,417,68.7%,26.1,584,-,0.56,0.22,0.11,45,-5,41,34.6%,6.4%,0,14
Arrow,S6,KR,ADC,108,63%,5.6,3.7,1.7,5.6,8.7,406,68.6%,25.7,534,-,0.52,0.29,0.12,48,-2,14,17.6%,3.7%,0,5
Bang,S6,KR,ADC,98,66.3%,6,3.7,1.5,5.2,9.4,431,68.1%,30.2,665,-,0.5,0.22,0.06,124,6,201,21.4%,8.2%,1,5
CoreJJ,S6,KR,SUPPORT,11,54.5%,3.7,0.3,1.9,6.8,1.1,262,59.4%,10.2,198,-,1.43,0.45,0.31,-106,-1,364,18.2%,0%,0,-
Cpt Jack,S6,,ADC,28,60.7%,3.7,2.7,1.7,3.7,9.2,412,58.3%,29.3,561,-,0.46,0.28,0.06,68,3,75,17.9%,0%,0,-
Emperor,S6,KR,ADC,8,25%,2.3,2.4,2.8,3.9,8.4,375,66%,27.1,502,-,0.39,0.25,0.07,-333,-5,-241,12.5%,12.5%,0,1
Fury,S6,KR,ADC,48,37.5%,3.9,2.7,1.7,4,8.7,393,65.2%,26.7,538,-,0.46,0.3,0.11,45,-2,-44,25%,2.1%,0,1
Ghost,S6,KR,ADC,2,0%,1.2,0,2.5,3,8.3,337,42.9%,22,301,-,0.43,0.16,0.09,-572,-11,-862,0%,0%,0,-
Kramer,S6,KR,ADC,95,34.7%,4.3,3.1,1.7,4.3,9.3,407,73.9%,30.4,574,-,0.54,0.33,0.08,-117,-3,43,14.7%,6.3%,0,7
LokeN,S6,KR,ADC,58,43.1%,3.8,2.8,1.8,4,9.1,399,72.3%,25.9,476,-,0.36,0.24,0.09,25,-0,192,31%,5.2%,0,5
MaHa,S6,,ADC,45,46.7%,3.3,2.6,2.2,4.9,8.6,394,65.9%,25.2,516,-,0.47,0.21,0.08,-365,-8,-412,15.6%,4.4%,0,3
Nuclear,S6,KR,ADC,49,20.4%,2.8,2.1,1.8,3,9.2,384,68.9%,24,410,-,0.41,0.34,0.11,-18,1,-192,22.4%,6.1%,0,5
Pilot,S6,KR,ADC,98,48%,4.7,3.1,1.5,4.1,8.9,397,70.5%,26.6,496,-,0.39,0.23,0.05,-72,-4,-198,19.4%,4.1%,1,1
PraY,S6,KR,ADC,90,75.6%,5.3,3.7,1.9,6.5,8.9,426,68.6%,27.5,606,-,0.45,0.21,0.05,187,6,77,30%,3.3%,0,8
Ruler,S6,KR,ADC,53,60.4%,3.9,3.1,2.1,5.2,9.2,406,68.7%,26,551,-,0.32,0.25,0.08,-7,2,-0,24.5%,7.5%,0,4
Sangyoon,S6,KR,ADC,102,47.1%,4.4,3.2,1.8,4.9,9,409,71.8%,26.8,530,-,0.37,0.2,0.07,59,1,-0,21.6%,2.9%,1,6
Ssol,S6,KR,ADC,53,26.4%,3.1,2.7,2,3.4,9.1,393,72.4%,29.7,545,-,0.47,0.35,0.06,43,1,43,17%,11.3%,0,7
Stitch,S6,,ADC,16,50%,3.1,2.8,2.2,4,8.8,400,55.2%,25.5,478,-,0.41,0.3,0.05,-302,-9,-50,6.3%,6.3%,1,1
Chei,S6,,SUPPORT,90,47.8%,3.3,0.5,2.1,6.3,1,247,71.6%,6.1,107,-,1.5,0.39,0.42,-17,-0,108,22.2%,14.4%,0,1
Comeback,S6,RO,SUPPORT,105,62.9%,3.8,0.8,2.6,8.9,1.1,262,72.3%,6.5,132,-,1.34,0.42,0.32,97,-1,-12,24.8%,8.6%,0,1
GorillA,S6,KR,SUPPORT,90,75.6%,4.6,0.5,2.3,9.9,1.1,272,69.6%,5.7,123,-,1.44,0.31,0.32,56,2,174,32.2%,3.3%,0,3
GuGer,S6,KR,SUPPORT,53,26.4%,2.1,0.3,2.9,5.6,1.1,241,69.7%,7.1,127,-,1.46,0.38,0.32,-39,1,-192,20.8%,5.7%,0,1
IgNar,S6,KR,SUPPORT,3,66.7%,3.6,0.3,1.7,5.7,1.2,245,57%,5.4,98,-,1.58,0.48,0.34,-137,-1,-485,33.3%,0%,0,-
KeY,S6,KR,SUPPORT,42,42.9%,2.8,0.4,2.4,6.4,1.4,255,72.6%,6.4,113,-,1.51,0.54,0.38,69,4,-76,40.5%,7.1%,0,-
Lehends,S6,KR,SUPPORT,5,20%,2.3,0.4,2.2,4.6,1.3,245,64%,6.8,127,-,1.63,0.5,0.43,309,10,194,40%,0%,0,-
MadLife,S6,KR,SUPPORT,97,34%,3.2,0.5,2.2,6.8,1,248,75.7%,7,124,-,1.22,0.41,0.29,-49,-1,-1,20.6%,8.2%,0,-
Max,S6,KR,SUPPORT,45,46.7%,3.5,0.7,2.2,7.1,1.3,263,70.6%,7,139,-,1.33,0.37,0.27,-28,0,215,24.4%,11.1%,0,1
Pure,S6,,SUPPORT,80,43.8%,3.6,0.5,2,6.6,1.1,256,71.4%,6.1,121,-,1.42,0.46,0.35,-1,-1,-55,31.3%,8.8%,0,-
Secret,S6,KR,SUPPORT,44,20.5%,2,0.4,2.5,4.7,1,232,71.5%,6.6,107,-,1.46,0.33,0.28,-112,-0,141,22.7%,2.3%,0,-
SnowFlower,S6,KR,SUPPORT,102,47.1%,3.5,0.6,2.4,7.6,1,256,72.4%,6.7,130,-,1.22,0.39,0.27,37,-1,-7,26.5%,7.8%,0,1
Sweet,S6,KR,SUPPORT,8,50%,2.8,0.6,4.1,10.8,0.8,263,84.7%,6.8,157,-,1.21,0.29,0.25,-97,-4,66,25%,12.5%,0,-
Totoro,S6,,SUPPORT,16,43.8%,2,0.4,3.3,6.1,1,246,73.5%,5.4,97,-,1.5,0.41,0.35,8,1,-228,37.5%,6.3%,0,-
Wolf,S6,KR,SUPPORT,98,66.3%,4.5,0.5,1.9,8.2,1.2,266,66.1%,5.7,127,-,1.27,0.43,0.28,-52,-0,-47,16.3%,8.2%,0,3
Wraith,S6,KR,SUPPORT,87,55.2%,3.9,0.5,1.9,6.7,1.1,251,64.5%,4.8,96,-,1.54,0.44,0.33,-14,0,-178,21.8%,8%,0,1
Zzus,S6,KR,SUPPORT,4,50%,2.2,0.3,2.3,4.8,1,245,29.5%,6.6,115,-,1.19,0.37,0.3,-196,-4,-321,0%,25%,0,1
ADD,S7,KR,TOP,97,41.2%,2,1.7,3.2,4.7,7.8,358,56.7%,23.4,427,-,0.6,0.18,0.16,-206,-6,-256,16.5%,17.5%,0,15
Crazy,S7,KR,TOP,96,35.4%,3.2,1.8,1.8,3.9,8.4,364,58.8%,22.7,389,-,0.59,0.12,0.12,78,7,100,15.6%,12.5%,0,10
CuVee,S7,KR,TOP,100,65%,3.2,1.9,2,4.5,8.4,382,56.6%,21.3,399,-,0.54,0.16,0.12,18,-0,32,24%,8%,0,38
Expession,S7,,TOP,45,44.4%,2.8,1.8,2.5,5,8.3,373,58.5%,21.1,407,-,0.47,0.09,0.06,20,-1,-30,20%,20%,0,5
Helper,S7,CN,TOP,21,23.8%,2.3,1.2,2.6,4.8,7.4,340,61.8%,19.9,330,-,0.57,0.11,0.18,-330,-11,-356,33.3%,23.8%,0,2
Huni,S7,KR,TOP,54,66.7%,3.4,2.5,2.4,5.7,9,410,58.4%,24.5,515,-,0.48,0.12,0.07,-49,-3,-14,20.4%,14.8%,0,21
Ikssu,S7,KR,TOP,53,34%,2.5,1.8,2.6,4.7,7.9,354,61.1%,21,377,-,0.54,0.11,0.12,-8,0,99,20.8%,9.4%,1,11
Khan,S7,KR,TOP,47,72.3%,4,3.3,2.2,5.7,9.1,421,64.1%,25.7,523,-,0.58,0.14,0.14,200,1,-21,23.4%,21.3%,0,26
Kiin,S7,KR,TOP,26,30.8%,2.2,1.9,2.2,2.9,8.9,374,53.9%,25,390,-,0.54,0.15,0.12,-278,-4,-310,15.4%,19.2%,0,13
Lindarang,S7,KR,TOP,52,36.5%,2.4,1.7,2.8,4.8,7.7,353,61.4%,19.6,338,-,0.58,0.09,0.13,-401,-10,-360,19.2%,19.2%,0,2
MaRin,S7,KR,TOP,108,52.8%,2.8,1.8,2.4,4.9,9,388,59.6%,22.4,415,-,0.5,0.12,0.06,115,5,243,20.4%,13.9%,0,21
Part,S7,,TOP,3,33.3%,1.6,0.7,2.7,3.7,7,307,66.2%,22.7,361,-,0.34,0.13,0.1,-740,-17,-226,0%,33.3%,0,-
Profit,S7,KR,TOP,9,77.8%,8.7,2,1.1,7.7,8.6,385,71%,21.3,429,-,0.54,0.11,0.08,-133,-1,-188,0%,22.2%,0,1
Rascal,S7,KR,TOP,1,0%,2,1,2,3,9.1,340,80%,27.6,476,-,0.59,0.16,0.19,-416,0,-106,0%,0%,0,-
Roach,S7,KR,TOP,52,32.7%,1.9,1.1,2.5,3.6,8.1,349,52.6%,19.4,320,-,0.55,0.13,0.09,-370,-9,-172,9.6%,15.4%,0,7
Shy,S7,KR,TOP,39,48.7%,2.7,1.5,2.4,5.1,8.5,376,54.9%,18.6,351,-,0.48,0.1,0.06,71,1,-10,15.4%,12.8%,0,5
Smeb,S7,KR,TOP,108,63%,3.6,2.9,2.4,5.8,8.8,402,63.4%,24,487,-,0.54,0.14,0.11,431,8,252,31.5%,7.4%,0,33
SoHwan,S7,KR,TOP,33,51.5%,2.9,2,2.4,5,8.5,382,61.2%,22.6,438,-,0.57,0.13,0.13,160,5,42,21.2%,9.1%,0,4
Soul,S7,KR,TOP,9,33.3%,1.9,1.1,2.7,4,7.5,329,58.2%,20.3,318,-,0.53,0.13,0.1,-195,-12,-171,33.3%,0%,0,1
Untara,S7,KR,TOP,37,73%,3.4,2,2,4.7,8.8,391,57.7%,21,391,-,0.54,0.13,0.1,-77,-2,114,16.2%,13.5%,0,5
Ambition,S7,KR,JUNGLE,57,66.7%,3.7,1.8,1.9,5.3,5.2,353,64.1%,13.5,268,-,0.87,0.37,0.25,93,9,227,29.8%,10.5%,0,7
Beyond,S7,KR,JUNGLE,97,41.2%,2.7,2.4,2.8,5.2,5.2,340,69.4%,15.2,283,-,0.85,0.39,0.24,-37,8,204,33%,12.4%,0,6
Bless,S7,KR,JUNGLE,96,33.3%,2.2,1.5,2.5,4,4.6,322,62%,13.6,230,-,0.82,0.38,0.21,-252,-3,-172,26%,17.7%,0,10
Comeback,S7,RO,SUPPORT,12,33.3%,2.1,0.6,2.6,4.8,0.9,236,61.4%,8.9,134,-,1.32,0.36,0.44,-460,-6,-469,8.3%,8.3%,0,-
Crash,S7,KR,JUNGLE,45,44.4%,2.7,2.7,2.6,4.5,5.2,351,66.2%,14.8,289,-,0.79,0.37,0.19,-4,-3,7,37.8%,6.7%,0,6
Cuzz,S7,KR,JUNGLE,48,70.8%,4.4,2.2,2,6.7,4.1,342,65.1%,14.4,294,-,0.92,0.49,0.21,-28,-8,-226,43.8%,8.3%,0,4
Haru,S7,KR,JUNGLE,43,62.8%,3.4,3,2,3.8,5.5,367,64.4%,15.1,271,-,0.79,0.37,0.24,314,6,263,46.5%,11.6%,0,14
Malrang,S7,KR,JUNGLE,45,28.9%,3.1,1.7,1.9,4.2,4.5,316,68.7%,14.8,233,-,1.05,0.37,0.35,-96,0,48,37.8%,4.4%,0,4
Mightybear,S7,KR,JUNGLE,36,41.7%,3.5,2.2,2.3,5.7,4.6,333,72%,14.7,268,-,0.94,0.34,0.24,-197,-2,-243,25%,13.9%,0,-
Mowgli,S7,KR,JUNGLE,16,56.3%,2.9,1.9,2.3,4.8,4.7,334,66.2%,13,241,-,0.93,0.47,0.29,-128,2,-17,25%,18.8%,0,1
Peanut,S7,KR,JUNGLE,71,64.8%,4.3,2.8,1.9,5.3,5,357,66.9%,13.2,259,-,0.77,0.37,0.13,122,2,117,32.4%,4.2%,0,7
Punch,S7,KR,JUNGLE,52,32.7%,2.1,1.9,2.7,3.9,4.4,319,71.4%,13.3,225,-,1.02,0.51,0.29,-183,-6,-182,28.8%,13.5%,0,2
Raise,S7,,JUNGLE,8,50%,2.5,1.9,2.6,4.6,4.3,333,75.8%,14.3,231,-,1.06,0.43,0.37,-289,-10,-335,37.5%,12.5%,0,-
Score,S7,KR,JUNGLE,108,63%,5.2,3.1,1.8,6.4,4.7,360,71.1%,14.8,305,-,0.78,0.4,0.23,329,0,111,48.1%,9.3%,0,11
SeongHwan,S7,KR,JUNGLE,55,41.8%,2.7,1.9,2.7,5.5,4.3,321,68.7%,15,272,-,0.92,0.41,0.3,-211,-3,-303,36.4%,7.3%,0,4
Spirit,S7,KR,JUNGLE,92,52.2%,3.3,2.2,2.4,5.5,4.6,339,67.7%,14.2,267,-,0.97,0.44,0.33,-2,1,49,41.3%,9.8%,0,9
UmTi,S7,KR,JUNGLE,78,39.7%,2.6,2.5,2.8,4.7,4.5,329,66.2%,14.8,272,-,0.93,0.42,0.24,-4,-3,-67,43.6%,11.5%,0,8
Winged,S7,,JUNGLE,9,33.3%,3.5,1.3,1.7,4.6,4.5,311,73.1%,11.5,183,-,0.9,0.62,0.3,-40,7,147,33.3%,11.1%,0,-
blank,S7,KR,JUNGLE,29,82.8%,5,2.9,2.1,7.7,4.3,354,72.8%,13.1,270,-,1,0.43,0.3,154,-8,-52,41.4%,10.3%,0,2
bono,S7,KR,JUNGLE,3,100%,5.5,1.7,2,9.3,4.3,360,74%,10.7,226,-,1.04,0.41,0.38,140,-2,-25,0%,33.3%,0,-
Bdd,S7,KR,MID,48,70.8%,11.3,4.1,0.9,6.4,9.1,421,76.7%,25,511,-,0.5,0.14,0.1,304,4,289,25%,0%,0,5
Candy,S7,KR,MID,9,33.3%,2.8,2.1,2.1,3.8,8.6,364,71.5%,29.1,477,-,0.62,0.22,0.17,-245,-9,-478,33.3%,11.1%,0,-
Cepted,S7,KR,MID,47,27.7%,2.4,2.5,2.6,3.5,9.5,395,66.7%,28.1,446,-,0.47,0.22,0.15,-27,3,49,12.8%,6.4%,0,14
Crow,S7,KR,MID,1,0%,0.7,2,3,0,9.3,376,66.7%,32.9,399,-,0.4,0.37,0.07,-310,0,-95,0%,0%,0,-
Crown,S7,KR,MID,100,65%,3.5,3,2,4,9.2,411,61.4%,27.1,518,-,0.54,0.23,0.17,185,6,139,30%,11%,1,25
Edge,S7,KR,MID,52,32.7%,3.3,2.4,1.8,3.4,9.1,386,71.4%,24.6,413,-,0.46,0.17,0.13,-182,-6,-126,21.2%,11.5%,0,4
Faker,S7,KR,MID,100,70%,4.1,3.7,2.1,4.8,9.4,427,66.5%,26.3,524,-,0.39,0.24,0.09,96,6,238,21%,9%,0,30
Fly,S7,KR,MID,45,44.4%,3.5,3.2,2.2,4.3,8.8,396,63.7%,25.3,493,-,0.56,0.2,0.13,-143,-7,-71,20%,13.3%,0,12
Ian,S7,KR,MID,97,41.2%,2.9,2.7,2.5,4.5,8.4,379,65.2%,26.1,494,-,0.49,0.26,0.13,-237,-7,-307,16.5%,11.3%,0,16
Kuzan,S7,KR,MID,86,40.7%,3.5,2.6,2,4.4,8.9,388,64.7%,26,490,-,0.55,0.25,0.14,76,5,8,25.6%,5.8%,0,24
Lava,S7,KR,MID,21,38.1%,2.7,2.7,2.3,3.7,8.7,381,74.6%,29,494,-,0.56,0.18,0.13,-369,-7,-336,19%,14.3%,0,1
Mickey,S7,KR,MID,69,43.5%,2.7,3.8,3.2,4.6,9.1,411,72.5%,29.4,546,-,0.58,0.2,0.14,40,1,-166,18.8%,20.3%,0,19
PawN,S7,KR,MID,108,63%,4.2,3.4,2.1,5.4,8.7,406,65.9%,24.1,496,-,0.54,0.22,0.15,73,-3,42,19.4%,7.4%,0,24
Tempt,S7,KR,MID,99,35.4%,3.4,2.7,1.9,3.6,9.1,389,66.6%,27.3,486,-,0.53,0.17,0.17,-34,0,-61,15.2%,11.1%,1,18
kurO,S7,KR,MID,108,52.8%,3.9,3.3,2,4.4,8.7,399,68%,27.3,516,-,0.55,0.27,0.13,-48,-2,95,20.4%,7.4%,0,20
Bang,S7,KR,ADC,100,70%,5.9,3.4,1.4,5.1,9.5,428,63.4%,28.5,575,-,0.44,0.2,0.06,240,6,137,19%,7%,0,8
Deft,S7,KR,ADC,108,63%,4.8,3.1,1.8,5.4,9.3,421,62%,28.5,594,-,0.48,0.3,0.14,375,7,239,18.5%,5.6%,0,12
Deul,S7,,ADC,47,27.7%,2.7,2.3,2,3.1,9.1,385,62.1%,26.8,433,-,0.39,0.29,0.12,-578,-10,-371,10.6%,8.5%,0,-
Ghost,S7,KR,ADC,99,35.4%,3.2,2.7,2,3.7,9.3,397,65.7%,27.6,485,-,0.43,0.25,0.14,-158,-4,-80,16.2%,10.1%,1,4
Kramer,S7,KR,ADC,108,52.8%,4.9,3,1.5,4.2,9.6,420,62.1%,26.9,515,-,0.47,0.34,0.12,-182,-6,-46,12%,3.7%,1,4
MaHa,S7,,ADC,97,41.2%,3.5,2.7,2.1,4.5,9,395,62.9%,25.3,483,-,0.36,0.25,0.08,-150,-5,-231,19.6%,6.2%,0,5
PraY,S7,KR,ADC,93,58.1%,3.7,2.9,2.2,5.1,9.3,414,62.3%,25.9,520,-,0.44,0.24,0.08,267,8,85,23.7%,4.3%,0,7
Ruler,S7,KR,ADC,90,66.7%,4.2,2.9,1.7,4.3,9.6,424,61.7%,27.3,539,-,0.41,0.3,0.15,134,3,69,15.6%,5.6%,0,5
Sangyoon,S7,KR,ADC,91,41.8%,4.2,3,1.8,4.6,9.2,406,69.1%,26.6,493,-,0.36,0.2,0.11,-268,-8,-90,16.5%,2.2%,0,3
Ssol,S7,KR,ADC,52,32.7%,2.8,2.3,2.1,3.5,9.8,404,70.3%,30.7,516,-,0.32,0.25,0.06,-27,1,97,19.2%,11.5%,0,5
Stitch,S7,,ADC,10,50%,3.3,2.1,2,4.4,8.9,390,54.1%,22.4,393,-,0.33,0.25,0.08,-176,-1,-32,0%,20%,0,2
Teddy,S7,KR,ADC,86,40.7%,3.9,2.9,1.9,4.4,9.9,416,65.4%,27.7,521,-,0.43,0.26,0.1,39,3,42,16.3%,5.8%,0,5
Veritas,S7,,ADC,9,33.3%,5,3.1,1.3,3.6,9.6,396,86.4%,31.1,525,-,0.33,0.28,0.06,-13,2,-46,11.1%,11.1%,0,1
CoreJJ,S7,KR,SUPPORT,91,65.9%,4.7,0.6,1.5,6.7,1.1,277,65.7%,10.9,210,-,1.33,0.48,0.36,8,-0,1,17.6%,3.3%,0,1
Ella,S7,,SUPPORT,35,25.7%,2,0.4,2.6,4.9,1.2,247,58.9%,7.3,116,-,1.38,0.33,0.45,-249,1,-240,14.3%,11.4%,0,1
GorillA,S7,KR,SUPPORT,93,58.1%,3.3,0.9,2.5,7.4,1,266,64.8%,10.9,220,-,1.42,0.39,0.37,54,0,184,23.7%,6.5%,0,2
GuGer,S7,KR,SUPPORT,41,26.8%,2.2,0.4,2.7,5.5,0.9,249,65.6%,13.5,234,-,1.58,0.48,0.4,-165,-3,-127,24.4%,9.8%,0,1
KeY,S7,KR,SUPPORT,91,41.8%,2.7,0.6,2.9,7.2,1.2,263,72.1%,10,182,-,1.51,0.58,0.41,-7,1,-218,22%,6.6%,0,-
Mata,S7,KR,SUPPORT,108,63%,4.2,0.7,2.1,8,0.9,269,64.9%,8.5,173,-,1.62,0.45,0.47,128,-1,16,24.1%,7.4%,0,1
Max,S7,KR,SUPPORT,97,41.2%,3.1,1.1,2.4,6.5,1.2,270,66.8%,10,185,-,1.19,0.36,0.24,74,3,270,20.6%,7.2%,0,4
Pure,S7,,SUPPORT,9,33.3%,2.6,0.4,2.3,5.6,1.1,267,72.4%,8.1,129,-,1.27,0.51,0.41,-334,-6,231,11.1%,22.2%,0,-
Secret,S7,KR,SUPPORT,11,54.5%,2.4,0.3,2.3,5.3,1,278,82.8%,6.2,86,-,1.46,0.37,0.38,-121,6,46,18.2%,18.2%,0,-
SnowFlower,S7,KR,SUPPORT,86,40.7%,2.4,0.7,3,6.6,1,258,67.4%,10,188,-,1.41,0.4,0.46,17,-0,-68,22.1%,9.3%,0,3
Totoro,S7,,SUPPORT,99,35.4%,3.3,0.4,1.9,5.9,1,255,64.9%,8.8,152,-,1.47,0.38,0.38,-25,-0,-48,14.1%,8.1%,0,1
TusiN,S7,KR,SUPPORT,108,52.8%,3.3,0.7,2.3,7,1,270,66.2%,9.3,176,-,1.54,0.39,0.39,-10,-0,1,16.7%,12%,0,4
Wolf,S7,KR,SUPPORT,100,70%,4.5,0.7,2,8.1,1,272,67.2%,9.2,184,-,1.27,0.53,0.39,26,-1,39,24%,12%,0,-
Wraith,S7,KR,SUPPORT,9,55.6%,2.6,0.4,2.7,6.6,1,246,50.8%,7.1,121,-,1.36,0.44,0.44,-332,5,-308,11.1%,0%,0,-
ADD,S8,KR,TOP,96,32.3%,2,1.2,2.4,3.6,8.9,377,61.2%,25.9,457,1.41,0.67,0.22,0.2,-80,-5,-181,19.8%,19.8%,0,11
Brook,S8,,TOP,1,0%,3.5,3,2,4,8.8,410,70%,24.4,359,1.49,0.47,0.42,0.1,771,16,-38,100%,0%,0,-
Crazy,S8,KR,TOP,92,29.3%,2.7,1.7,1.8,3,8.7,371,57.3%,25,387,1.19,0.59,0.2,0.17,-92,1,-79,14.1%,13%,0,11
CuVee,S8,KR,TOP,105,57.1%,2.5,1.7,2.1,3.4,9.2,397,60.3%,24,420,1.27,0.58,0.21,0.21,-86,-3,-41,18.1%,11.4%,0,19
Khan,S8,KR,TOP,83,69.9%,3.8,2.4,1.7,4.1,9.6,425,60.7%,26.9,486,1.4,0.67,0.25,0.23,240,7,159,22.9%,12%,1,19
Kiin,S8,KR,TOP,106,61.3%,3.9,2.2,1.5,3.8,9.7,419,61.6%,25.7,433,1.25,0.58,0.2,0.16,147,4,135,19.8%,13.2%,0,23
Lindarang,S8,KR,TOP,90,52.2%,2.6,1.8,2.2,3.9,8.6,386,60%,23.7,412,1.09,0.57,0.13,0.13,22,-4,-134,32.2%,14.4%,0,9
MaHa,S8,,ADC,17,5.9%,1.8,1.1,2.1,2.7,9.6,383,64.5%,25.9,487,1,0.43,0.3,0.12,-222,-9,-487,5.9%,5.9%,0,-
Max,S8,KR,SUPPORT,93,32.3%,2.4,0.5,2.3,4.8,1.9,253,67%,8.6,150,2.25,1.2,0.34,0.31,61,0,257,19.4%,10.8%,0,1
Mong,S8,,TOP,1,0%,1,2,3,1,8.6,364,75%,10.2,137,0.97,0.38,0,0.08,349,-7,-810,100%,0%,0,-
Nuguri,S8,KR,TOP,6,83.3%,4.8,2.5,2,7,9.6,438,66.4%,28.6,563,1.41,0.54,0.19,0.15,270,10,244,16.7%,16.7%,0,-
Rascal,S8,KR,TOP,11,63.6%,5.7,2.6,1.2,4.1,9,419,60%,20.9,391,1.1,0.65,0.16,0.22,455,-1,242,27.3%,0%,0,3
Roach,S8,KR,TOP,51,25.5%,2,1.2,2.1,2.9,9.1,375,50.8%,22.6,362,1.12,0.65,0.19,0.18,-228,-2,-78,7.8%,9.8%,0,10
Smeb,S8,KR,TOP,98,65.3%,4,2.3,1.7,4.4,9.3,411,64.2%,25.2,468,1.25,0.59,0.21,0.14,262,6,210,27.6%,9.2%,0,20
SoHwan,S8,KR,TOP,89,37.1%,2.8,1.2,1.7,3.6,9,378,56%,22,366,1.18,0.58,0.17,0.14,-13,2,-23,19.1%,11.2%,0,12
SoaR,S8,KR,TOP,9,66.7%,5.2,2.2,1.4,5.2,8.7,387,56.5%,23.5,409,1.06,0.48,0.13,0.16,-185,0,-20,0%,11.1%,0,-
Sw0rd,S8,KR,TOP,62,64.5%,4,2.4,1.7,4.2,9.1,400,60%,22.5,396,1.21,0.55,0.2,0.16,-111,-3,56,12.9%,14.5%,0,10
Thal,S8,KR,TOP,76,50%,2.7,1.9,2.1,3.8,9.2,404,58.4%,24.2,451,1.17,0.54,0.16,0.16,-56,-3,7,19.7%,13.2%,0,10
Untara,S8,KR,TOP,26,38.5%,2.4,1.2,1.8,3.2,8.7,368,50.7%,17.1,272,1.22,0.66,0.21,0.17,-389,-9,-209,7.7%,19.2%,0,-
WooFe,S8,KR,TOP,6,33.3%,2.3,1.2,2,3.5,8.8,349,41.9%,21.8,297,1.28,0.66,0.2,0.21,-578,9,186,0%,16.7%,0,-
kingen,S8,KR,TOP,1,0%,1,1,3,2,8,324,100%,10.8,141,1.52,0.63,0.2,0.32,-735,-23,-847,0%,100%,0,-
Aiming,S8,KR,ADC,41,61%,5.1,3,1.5,4.6,9.8,430,69.9%,25.5,437,1.46,0.59,0.37,0.2,-1,-3,-113,31.7%,12.2%,0,3
Ambition,S8,KR,MID,1,0%,0.5,0,2,1,2.2,204,100%,5.2,45,2.13,1.13,0.32,0.55,-2627,-134,-3840,0%,0%,0,-
Bang,S8,KR,ADC,98,46.9%,7,2.7,1,4.1,10.4,431,70.4%,33.5,613,1.37,0.54,0.31,0.15,-53,-2,46,21.4%,4.1%,0,9
Beyond,S8,KR,JUNGLE,52,36.5%,2.1,1,2.6,4.6,5.1,306,67.2%,8.9,166,2.49,1.24,0.61,0.4,36,1,142,46.2%,7.7%,0,1
Blossom,S8,,JUNGLE,23,52.2%,2.2,1.5,3.1,5.3,5.6,328,68.1%,11.2,200,2.77,1.35,0.64,0.29,-239,-0,-186,43.5%,21.7%,0,2
Cuzz,S8,KR,MID,1,100%,3.5,0,4,14,1,267,73.7%,3.9,106,3.22,1.15,0.62,0.4,-3049,-153,-4100,0%,0%,0,-
Haru,S8,KR,JUNGLE,45,62.2%,3.1,2,2,4.3,6,350,70.1%,12.4,218,2.03,0.79,0.46,0.32,60,-1,108,37.8%,11.1%,0,9
Hoglet,S8,KR,JUNGLE,2,50%,2.4,0.5,2.5,5.5,4.1,256,89.3%,9.5,142,1.71,0.51,0.7,0.38,-588,-12,-952,50%,0%,0,-
KaKAO,S8,KR,JUNGLE,4,0%,0.6,0.3,2.3,1,4.5,259,45.8%,7.1,80,1.39,0.61,0.36,0.41,-1159,-30,-824,0%,0%,0,-
Kuma,S8,KR,JUNGLE,4,25%,2,0.8,3.3,5.8,4.1,262,91.9%,9.9,124,1.97,1.25,0.51,0.48,-617,-12,-500,25%,25%,0,-
Mightybear,S8,KR,JUNGLE,3,0%,2.5,1,2,4,4.9,308,83.3%,13.1,186,2.8,1.42,0.55,0.3,-166,-6,-521,66.7%,0%,0,-
Mowgli,S8,KR,JUNGLE,25,60%,5.8,1.3,1.3,6.2,4.9,316,72.1%,10.2,175,2.18,1.05,0.56,0.52,-110,-5,-43,40%,4%,0,-
OnFleek,S8,KR,JUNGLE,9,66.7%,3.4,2.4,2.2,5.1,5.6,345,71.7%,16.1,283,1.9,0.39,0.54,0.32,426,8,363,44.4%,0%,0,2
Peanut,S8,KR,MID,1,100%,9,1,1,8,0.9,281,60%,6.6,100,2.63,1.53,0.42,0.39,-2085,-114,-2110,0%,0%,0,-
PraY,S8,KR,ADC,92,68.5%,5.1,2.8,1.4,4.5,10.3,438,63.4%,29.5,544,1.34,0.48,0.4,0.11,137,6,206,20.7%,5.4%,0,5
Punch,S8,KR,JUNGLE,6,83.3%,5,1.5,2.2,9.3,4.5,310,75.6%,9.2,172,1.67,0.56,0.49,0.46,-341,-6,-452,33.3%,50%,0,-
Raise,S8,,JUNGLE,40,30%,1.9,0.9,3,4.7,4.6,292,74.9%,10.2,165,2.47,1.35,0.5,0.41,-188,-7,-258,32.5%,20%,0,1
Ruler,S8,KR,ADC,105,57.1%,4.1,2.8,1.5,3.2,10.8,443,70%,32.1,566,1.58,0.44,0.54,0.2,241,7,177,14.3%,17.1%,1,3
Rush,S8,KR,JUNGLE,12,58.3%,2.3,1.5,2.5,4.2,5.5,332,53.2%,11.4,187,1.77,0.57,0.5,0.23,166,2,304,41.7%,0%,0,1
Sangyoon,S8,KR,ADC,87,51.7%,4.5,2.6,1.4,3.6,10.6,438,62.7%,28.5,504,1.15,0.37,0.34,0.1,-88,-3,-62,18.4%,2.3%,0,1
Score,S8,KR,JUNGLE,87,65.5%,4.1,1.8,1.8,5.7,5.3,330,73.6%,11.2,206,2.31,0.88,0.58,0.29,155,2,189,50.6%,6.9%,0,6
SeongHwan,S8,KR,MID,3,66.7%,3.5,0.3,2.7,9,1.9,247,72.2%,4.7,86,2.5,1.23,0.41,0.44,-2580,-113,-3259,66.7%,0%,0,-
Spirit,S8,KR,MID,1,100%,-,0,0,9,1.2,277,100%,6.8,74,2.99,1.54,0.74,0.46,-1788,-136,-3045,0%,0%,0,-
Tarzan,S8,KR,MID,3,33.3%,3.1,0,2.3,7.3,2.3,234,65.1%,5.9,95,2.3,1.53,0.35,0.41,-2208,-120,-3905,0%,0%,0,-
Trick,S8,KR,JUNGLE,77,32.5%,2.5,1.3,2.3,4.5,5,306,73.5%,11.3,175,1.8,0.76,0.4,0.27,-132,-4,45,37.7%,18.2%,0,4
U Jun,S8,,JUNGLE,11,9.1%,2.2,0.8,2.5,4.6,4.6,280,78.9%,10,156,2.37,1.14,0.53,0.36,-75,0,-81,27.3%,9.1%,0,2
UmTi,S8,KR,JUNGLE,85,38.8%,2.8,1.4,2.3,4.9,5.1,309,70.4%,11.8,202,2.63,1.2,0.64,0.33,2,0,-75,41.2%,11.8%,0,4
Viper,S8,KR,ADC,59,66.1%,7.4,2.7,1.1,5.3,10.2,431,69.8%,27.2,474,1.31,0.44,0.34,0.14,-45,1,26,28.8%,5.1%,0,3
Wolf,S8,KR,SUPPORT,38,39.5%,3.1,0.8,2.1,5.5,1.8,248,72.4%,7.3,125,2.35,1.28,0.48,0.43,1,2,37,21.1%,15.8%,0,1
Yondu,S8,,JUNGLE,49,26.5%,2.4,1.5,2.3,4,4.7,291,75.6%,11,173,1.52,0.59,0.37,0.32,-237,-5,-350,36.7%,8.2%,0,-
blank,S8,KR,MID,1,100%,-,0,0,6,0.6,320,100%,3.2,44,2.49,1.29,0.48,0.52,-1272,-134,-1960,100%,0%,0,-
bono,S8,KR,JUNGLE,15,13.3%,1.7,0.9,3.4,4.9,4.7,295,71.4%,12.8,195,2.46,1.09,0.56,0.3,-423,-18,-246,33.3%,6.7%,0,2
ALL IN,S8,KR,MID,6,33.3%,2.5,1.8,2.2,3.5,9.8,383,67.7%,32.9,444,1,0.66,0.2,0.3,-1,8,329,0%,0%,0,1
Bdd,S8,KR,ADC,2,100%,7.7,3,1.5,8.5,8.4,398,64%,30.5,644,0.82,0.49,0.06,0.18,647,4,675,50%,0%,0,2
Chovy,S8,KR,ADC,2,50%,6.7,0.5,1.5,9.5,6.3,312,47.6%,15.4,245,0.72,0.35,0.19,0.08,-1564,-26,-700,0%,50%,0,-
Crown,S8,KR,MID,62,54.8%,2.6,1.6,2.2,4,9.4,384,67.2%,27.7,486,1.33,0.67,0.29,0.28,-43,3,46,21%,12.9%,0,6
Dove,S8,KR,MID,9,66.7%,4.2,3.2,2,5.1,9.4,416,73.4%,23.5,399,1.32,0.57,0.26,0.27,200,3,21,33.3%,11.1%,0,-
Edge,S8,KR,MID,51,25.5%,2.8,2.3,2,3.2,9.3,376,71.7%,27.3,448,1,0.59,0.23,0.2,-112,-2,-56,13.7%,13.7%,0,3
Faker,S8,KR,ADC,1,100%,6,1,1,5,11.1,453,100%,37.6,514,1.25,0.4,0.2,0.08,472,18,1074,100%,0%,0,-
Fly,S8,KR,ADC,1,0%,0.3,0,3,1,4.8,252,100%,16.8,147,0.81,0.45,0.23,0.26,-1830,-61,-926,0%,100%,0,-
Grace,S8,KR,MID,80,37.5%,3.3,2.2,1.8,3.5,9.5,387,65.2%,27.2,455,1.02,0.5,0.2,0.16,-157,2,-119,22.5%,10%,0,7
Ian,S8,KR,MID,101,31.7%,3.2,2.2,1.7,3.4,9.2,381,66.6%,25.2,448,1.27,0.63,0.3,0.23,-15,-2,-180,25.7%,4%,0,6
Justice,S8,KR,MID,9,33.3%,3.9,1.9,1.6,4.1,9,367,61.1%,20.5,369,1.25,0.74,0.39,0.35,-276,-18,-380,33.3%,22.2%,0,-
Kuzan,S8,KR,MID,3,0%,0.6,0,3,1.7,8.8,354,30%,25.1,352,1.23,0.61,0.3,0.21,-472,-6,-694,0%,33.3%,0,-
Lava,S8,KR,ADC,3,66.7%,4.7,3,2.3,8,6.9,360,85.6%,20.1,413,1.22,0.44,0.25,0.15,-597,-30,-111,66.7%,0%,0,1
PawN,S8,KR,MID,32,59.4%,4.2,2.6,1.8,4.7,10,419,75%,26.1,508,1.31,0.63,0.37,0.22,12,-3,-98,34.4%,9.4%,0,4
Pirean,S8,KR,MID,19,52.6%,3.2,2.4,1.8,3.4,9.5,396,66.3%,23.9,419,1.3,0.56,0.25,0.22,71,-1,-57,15.8%,15.8%,0,3
Rather,S8,,ADC,1,0%,0.5,0,2,1,8.4,311,50%,29.8,431,0.86,0.39,0.18,0.11,-514,6,-591,0%,0%,0,-
ShowMaker,S8,KR,MID,6,83.3%,3.6,4,3,6.8,8.9,404,70.5%,26.8,522,1.22,0.53,0.19,0.23,-244,-4,146,16.7%,0%,0,2
Tempt,S8,KR,MID,92,29.3%,3.5,2.3,1.6,3.3,9.7,393,66.6%,30,470,1.17,0.58,0.23,0.21,46,2,-34,20.7%,7.6%,0,17
Ucal,S8,KR,MID,67,67.2%,4.1,2.6,1.7,4.1,9.7,412,63%,24.3,440,1.12,0.53,0.19,0.2,127,0,38,28.4%,3%,0,12
kurO,S8,KR,ADC,1,100%,-,0,0,7,9.1,368,77.8%,27.2,297,1.25,0.41,0.46,0.1,-333,-6,-1052,0%,0%,0,-
Clever,S8,KR,ADC,1,0%,4,3,2,5,9.3,426,80%,28.6,421,1.25,0.5,0.1,0.05,54,1,-726,0%,0%,0,-
Deft,S8,KR,ADC,99,64.6%,4.5,2.6,1.5,4.2,10.3,436,63.3%,31.9,597,1.35,0.51,0.37,0.15,258,3,136,23.2%,6.1%,0,3
Ghost,S8,KR,ADC,86,31.4%,2.7,2,1.9,3.1,9.7,396,60.6%,26.3,419,1.22,0.5,0.35,0.18,-303,-9,-202,20.9%,10.5%,0,1
Hollow,S8,KR,ADC,9,66.7%,2.5,2.4,2.7,4.3,10.6,435,69.4%,27.8,466,1.35,0.31,0.42,0.1,-87,1,351,22.2%,11.1%,0,-
HyBrid,S8,KR,ADC,6,33.3%,2.9,3.5,2.2,2.8,10.9,427,72.9%,26.4,387,1.06,0.39,0.32,0.04,-746,-23,-610,50%,16.7%,0,3
Kramer,S8,KR,ADC,64,60.9%,5.9,2.7,1.1,4,10.7,447,72.1%,28.8,490,1.61,0.57,0.51,0.19,76,-4,-9,37.5%,3.1%,0,5
Leo,S8,KR,ADC,3,33.3%,4.8,1.7,1.3,4.7,9.2,405,70.6%,28.3,475,1.11,0.55,0.22,0.1,-132,-9,207,0%,0%,0,2
Nuclear,S8,KR,ADC,6,83.3%,9.4,5.5,1.2,5.5,10.3,460,71.7%,27.8,548,1.36,0.47,0.35,0.2,-116,-7,-452,0%,0%,0,-
Pilot,S8,KR,ADC,84,36.9%,4.2,2.6,1.4,3.4,10.5,424,70.5%,31,543,1.29,0.42,0.33,0.1,-116,-0,-107,15.5%,7.1%,1,3
Prince,S8,KR,ADC,6,0%,1.1,0.7,3.5,3.3,8.7,362,51.5%,25.6,379,1.03,0.54,0.19,0.19,119,5,175,33.3%,0%,0,-
Ssol,S8,KR,ADC,51,25.5%,3,2.1,1.8,3.4,10.2,406,69.5%,32.3,536,1.33,0.45,0.48,0.15,-67,-3,-234,11.8%,9.8%,0,2
Teddy,S8,KR,ADC,89,37.1%,4.2,3.1,1.5,3.2,11.1,439,68.8%,33,584,1.32,0.43,0.43,0.13,19,6,48,21.3%,6.7%,2,6
Aegis,S8,KR,SUPPORT,1,0%,5,0,2,10,1.7,218,90.9%,6.4,104,1.86,1.23,0.2,0.5,-366,15,-424,0%,0%,0,-
Asper,S8,KR,SUPPORT,1,0%,3,1,2,5,2,263,60%,4.4,65,3.31,1.98,0.6,0.7,-579,20,146,0%,0%,0,-
CoreJJ,S8,KR,SUPPORT,106,56.6%,3.8,0.5,1.7,5.7,1.7,248,75.3%,7.3,124,2.56,1.49,0.42,0.49,-11,-2,-56,18.9%,8.5%,0,1
Effort,S8,KR,SUPPORT,64,51.6%,3.3,0.9,2.2,6.3,1.8,258,71.9%,7.2,130,2.65,1.54,0.43,0.53,-11,-1,-135,25%,9.4%,0,1
GorillA,S8,KR,SUPPORT,94,69.1%,3.7,0.6,2,6.6,1.7,259,63%,7.3,131,2.41,1.5,0.39,0.49,-3,-0,30,25.5%,11.7%,0,3
Hoit,S8,KR,SUPPORT,6,83.3%,7.7,1.2,1.5,10.3,1.3,253,74.9%,7.5,149,2.65,1.41,0.44,0.46,-62,-5,-18,16.7%,0%,0,-
IgNar,S8,KR,SUPPORT,92,29.3%,3.4,0.5,1.6,4.9,1.9,245,63.5%,7.2,111,2.68,1.67,0.46,0.56,-43,-1,-126,23.9%,9.8%,0,3
Joker,S8,KR,SUPPORT,9,66.7%,2.4,0.6,3.2,7.2,1.8,263,74.8%,9,156,2.97,1.96,0.4,0.61,69,3,-297,44.4%,11.1%,0,-
KeY,S8,KR,SUPPORT,90,52.2%,3.5,0.5,1.9,6.1,2,260,68.8%,7.4,126,2.64,1.52,0.44,0.5,71,2,7,21.1%,10%,0,1
Lehends,S8,KR,SUPPORT,62,64.5%,5.1,1,1.6,7.1,1.7,256,70.6%,10.7,182,2.47,1.42,0.4,0.46,108,-0,210,29%,19.4%,0,1
Luci,S8,KR,SUPPORT,5,40%,3,0.4,1.8,5,1.5,221,67.9%,9.7,136,2.47,1.8,0.27,0.54,-228,3,-748,40%,0%,0,-
Mata,S8,KR,SUPPORT,99,64.6%,4.4,0.8,1.6,6.3,1.9,256,66.8%,6.9,125,2.71,1.76,0.45,0.64,13,1,-99,25.3%,9.1%,0,2
Motive,S8,KR,SUPPORT,8,25%,1.7,0.6,2.9,4.1,2.3,242,81.8%,14.4,223,1.67,0.98,0.22,0.31,24,12,260,25%,25%,0,-
Nova,S8,KR,SUPPORT,45,31.1%,2.3,0.4,2,4,1.6,224,55.7%,7.7,115,2.69,1.64,0.48,0.65,-146,-1,45,17.8%,11.1%,0,-
Secret,S8,KR,SUPPORT,51,25.5%,2.1,0.8,2.5,4.3,1.9,243,67.3%,7.6,119,2.17,1.49,0.34,0.47,-126,-2,48,11.8%,13.7%,0,-
TusiN,S8,KR,SUPPORT,106,61.3%,3.8,0.5,1.9,6.6,2,262,71.4%,7.7,128,2.61,1.73,0.39,0.55,56,0,9,36.8%,8.5%,0,-
Wraith,S8,KR,SUPPORT,44,43.2%,3.7,0.5,2,7,1.6,245,66.3%,5.9,107,2.23,1.39,0.32,0.38,-121,-2,-152,27.3%,6.8%,0,1
CheonGo,S9,,MID,17,5.9%,1.1,1.5,3.2,2.1,8.3,343,63.4%,21,308,1.2,0.56,0.34,0.22,-633,-14,-369,17.6%,5.9%,0,2
CuVee,S9,KR,TOP,66,47%,2.4,2,2.3,3.4,8.3,380,57.4%,24,367,1.12,0.51,0.22,0.22,-250,-7,-132,10.6%,13.6%,0,17
Doran,S9,KR,TOP,23,60.9%,2.6,2.7,2.3,3.1,9.3,420,55.2%,25.4,416,1.03,0.49,0.2,0.16,276,4,96,30.4%,30.4%,0,7
Flame,S9,KR,TOP,14,42.9%,2.8,2.6,2.2,3.6,8.6,392,57.4%,25,410,0.89,0.45,0.18,0.14,-163,5,-112,14.3%,21.4%,0,-
Grace,S9,KR,MID,79,17.7%,2.2,1.6,2.4,3.7,8.5,358,63%,25.3,370,0.95,0.49,0.2,0.23,-318,-5,-178,21.5%,8.9%,0,13
Ikssu,S9,KR,TOP,7,71.4%,4.2,3,1.9,4.7,6.8,358,61.2%,25,416,1.06,0.48,0.25,0.17,335,-0,221,28.6%,0%,0,2
Jisu,S9,KR,TOP,17,29.4%,2.4,2.2,2.4,3.6,8.1,376,55.1%,21.7,386,0.94,0.4,0.22,0.15,-419,-11,-204,17.6%,0%,0,4
Khan,S9,KR,TOP,106,69.8%,3.5,2.8,2,4.3,8.7,407,58.3%,24.8,439,1.14,0.57,0.2,0.25,71,2,36,26.4%,15.1%,0,29
Kiin,S9,KR,TOP,96,43.8%,2.6,2.5,2.5,3.9,8.6,392,59.1%,25.2,413,1.12,0.52,0.24,0.21,274,8,188,20.8%,11.5%,0,30
Lindarang,S9,KR,TOP,73,20.5%,1.6,1.5,2.5,2.7,8,355,53.7%,23.7,345,0.94,0.52,0.14,0.22,-249,-7,-243,12.3%,15.1%,0,10
Nuguri,S9,KR,TOP,86,60.5%,2.9,3.5,2.8,4.7,9.4,438,63.7%,30.2,550,1.13,0.49,0.26,0.15,267,8,78,16.3%,26.7%,0,38
Rascal,S9,KR,TOP,104,58.7%,3,2.7,2.5,4.7,8.3,392,59.5%,21.3,370,1.07,0.55,0.21,0.22,-281,-8,-136,26.9%,12.5%,0,27
Riris,S9,,TOP,1,0%,1.5,1,4,5,8.1,370,75%,19.4,352,0.96,0.37,0.34,0.06,898,8,547,100%,0%,0,-
Roach,S9,KR,MID,7,57.1%,4.2,1.7,1.4,4.3,8.9,385,61.1%,18.7,279,1.15,0.49,0.25,0.25,-333,-7,220,14.3%,0%,0,-
Smeb,S9,KR,TOP,54,31.5%,2.1,2.3,2.6,3.3,8.4,377,54.7%,24.4,385,0.94,0.48,0.16,0.16,-230,-6,-260,13%,18.5%,0,13
SoHwan,S9,KR,TOP,44,47.7%,3.1,2.3,1.9,3.7,8.1,379,56%,20.9,327,1.04,0.4,0.22,0.17,352,5,151,20.5%,4.5%,0,8
SoaR,S9,KR,TOP,6,33.3%,1.7,1.8,3,3.3,7.5,344,66.9%,23.3,336,0.89,0.33,0.2,0.14,-254,2,-81,0%,33.3%,0,1
Summit,S9,KR,TOP,98,58.2%,2.7,2.4,2.4,4.2,8.8,399,62.6%,26.2,451,1.09,0.5,0.24,0.18,240,9,228,20.4%,17.3%,0,22
Sw0rd,S9,KR,TOP,65,72.3%,3.6,2.4,1.8,4.1,8.8,403,52.5%,21,356,1.07,0.5,0.23,0.17,192,2,245,23.1%,4.6%,0,11
TaNa,S9,KR,TOP,19,0%,1.5,1.5,3,2.9,8.2,355,62.9%,22,328,0.96,0.53,0.16,0.24,-184,-4,-314,10.5%,26.3%,0,3
Thal,S9,KR,TOP,49,42.9%,2.8,1.8,2,3.9,8.4,377,60.5%,22.8,346,1.08,0.49,0.23,0.19,-339,-6,-235,18.4%,16.3%,0,9
Wizer,S9,KR,TOP,1,0%,1,0,3,3,9.8,375,30%,23.5,452,1.28,0.46,0.36,0.19,-787,2,-979,0%,0%,0,-
kingen,S9,KR,TOP,37,45.9%,3.2,2.6,2.1,4.2,8.6,398,58.7%,23.8,379,1.07,0.42,0.22,0.19,-21,-5,58,16.2%,13.5%,0,7
Canyon,S9,KR,JUNGLE,85,57.6%,3.5,2,2.6,7.1,5,325,71.2%,14.5,270,1.76,0.72,0.44,0.42,-124,1,-155,27.1%,11.8%,0,11
Clid,S9,KR,JUNGLE,102,71.6%,5.2,2.4,1.7,6.5,5.2,337,73%,12.7,228,2.34,1.05,0.56,0.38,134,1,179,52%,6.9%,0,16
Crush,S9,KR,JUNGLE,1,0%,1,1,5,4,4.7,283,50%,9.1,175,1.67,0.9,0.44,0.36,-1243,-1,86,0%,0%,0,-
Cuzz,S9,KR,JUNGLE,104,58.7%,3.8,2.3,2.2,6.1,5.4,339,68.4%,15.9,277,2.27,0.9,0.59,0.37,149,5,242,38.5%,6.7%,0,6
Dread,S9,KR,JUNGLE,91,46.2%,2.5,2.3,3,5.4,4.9,319,68.3%,13.2,219,1.92,0.83,0.52,0.39,2,-3,-166,38.5%,7.7%,0,8
Haru,S9,KR,JUNGLE,4,25%,4.2,2.3,1.5,4,5.1,308,84.1%,15.1,221,1.85,0.7,0.45,0.34,-128,-4,-254,50%,0%,0,-
Jin0,S9,KR,JUNGLE,6,16.7%,2,2.2,3.5,5,4.7,299,74.3%,15.6,277,2.06,0.86,0.5,0.29,-415,5,-225,50%,0%,0,-
KaKAO,S9,KR,JUNGLE,7,71.4%,13.6,4.3,0.7,5.4,6.1,375,80%,24,423,1.86,0.87,0.35,0.32,567,12,510,57.1%,0%,0,4
Malrang,S9,KR,JUNGLE,69,10.1%,2.5,1.8,2.1,3.5,4.6,292,74%,14.3,210,2.05,0.97,0.53,0.45,-324,-9,-400,36.2%,7.2%,0,6
Mightybear,S9,KR,JUNGLE,2,0%,2.5,1.5,2,3.5,4.5,285,77.5%,11,178,1.37,0.6,0.42,0.37,356,4,421,50%,0%,0,-
MooJin,S9,KR,JUNGLE,8,25%,2.7,0.9,2.4,5.6,3.9,277,89.5%,11.3,150,1.84,0.78,0.42,0.5,-448,-14,-541,75%,0%,0,1
OnFleek,S9,KR,JUNGLE,98,58.2%,3.2,2.1,2.2,5.1,5.5,335,69.6%,13.4,230,2.06,0.71,0.63,0.36,8,4,2,34.7%,9.2%,0,13
Patch,S9,KR,JUNGLE,11,36.4%,2.2,1.8,2.9,4.5,4.9,303,62%,11.2,203,1.82,0.87,0.39,0.37,-317,-5,-386,36.4%,18.2%,0,-
Peanut,S9,KR,JUNGLE,85,45.9%,3.1,1.3,2,4.9,5.2,311,65.7%,10.8,167,2,0.81,0.58,0.35,-12,-2,31,38.8%,8.2%,0,1
Punch,S9,KR,JUNGLE,15,60%,4,1.7,1.9,6.1,5.2,325,76.4%,10.7,177,2.2,1.09,0.52,0.43,112,10,230,40%,20%,0,1
Ryan,S9,KR,JUNGLE,5,40%,2.3,1.2,2.8,5.2,5.2,309,71.4%,11,167,2.21,1.04,0.52,0.34,116,7,246,20%,40%,0,-
Score,S9,KR,JUNGLE,65,36.9%,2.8,1.8,2.7,5.7,4.7,306,70.3%,13.3,208,2,0.85,0.5,0.34,-52,-0,49,41.5%,9.2%,0,4
Seize,S9,KR,JUNGLE,27,29.6%,2.2,2.2,2.9,4.4,4.4,295,68.4%,13.4,222,1.82,0.91,0.45,0.46,-224,-6,-250,37%,3.7%,0,2
SeongHwan,S9,KR,JUNGLE,3,33.3%,2.4,1,1.7,3,5.5,312,60.6%,14.3,169,1.5,0.53,0.45,0.36,-218,1,-104,66.7%,0%,0,-
Spirit,S9,KR,SUPPORT,4,50%,2.6,1,5,12,0.7,243,82.8%,11.2,218,2.25,1.21,0.36,0.47,-694,-14,574,25%,25%,0,-
Tarzan,S9,KR,JUNGLE,88,69.3%,6.6,2.5,1.4,6.5,5.5,346,72.5%,15.3,257,2.08,0.85,0.49,0.47,396,5,408,53.4%,2.3%,0,15
UmTi,S9,KR,JUNGLE,26,38.5%,2.5,1.7,2.5,4.5,5.1,312,63.4%,12.3,193,2.03,0.82,0.58,0.41,16,2,-42,26.9%,11.5%,0,2
bono,S9,KR,JUNGLE,85,47.1%,2.6,1.5,2.7,5.6,4.4,297,69.6%,12.8,202,2.1,0.98,0.49,0.46,-197,-5,-227,37.6%,11.8%,0,5
ALL IN,S9,KR,MID,15,40%,2.3,1.5,3.1,5.5,7.8,350,59.6%,21.4,331,1.13,0.6,0.24,0.39,-433,-10,-382,13.3%,6.7%,1,1
Bdd,S9,KR,MID,91,37.4%,3.4,3,2.1,4.4,8.6,385,70.2%,26.7,424,1.04,0.52,0.23,0.22,68,1,-4,26.4%,9.9%,0,24
Brook,S9,,MID,6,33.3%,1.3,1.2,2.5,2.2,8.2,346,41.5%,18.3,247,0.89,0.57,0.17,0.29,-471,-18,-294,0%,33.3%,0,-
Chovy,S9,KR,MID,88,69.3%,6.6,2.9,1.1,4.7,10.1,429,59.4%,24.2,409,1.18,0.47,0.33,0.18,435,10,406,26.1%,3.4%,0,26
Cover,S9,KR,MID,7,71.4%,2.1,1.7,3.4,5.6,7.8,362,61.6%,22,368,1.86,0.82,0.56,0.25,-19,3,38,28.6%,28.6%,0,1
Dove,S9,KR,MID,99,57.6%,4,2.7,1.8,4.5,8.7,391,68.7%,25.8,445,1.09,0.44,0.29,0.23,-15,3,104,18.2%,6.1%,0,17
Faker,S9,KR,MID,105,70.5%,4,2.7,1.9,4.9,9.1,405,60%,25.5,449,1.2,0.53,0.28,0.22,94,4,14,24.8%,7.6%,0,29
Fly,S9,KR,MID,57,43.9%,2.9,1.5,2,4.2,8.2,354,61.2%,24.4,366,1.07,0.5,0.23,0.24,-234,-9,-77,12.3%,10.5%,0,1
Ggoong,S9,,MID,6,16.7%,3.9,0.8,1.7,5.7,6.9,313,65%,25.7,409,1.1,0.48,0.28,0.16,-367,-9,-31,16.7%,16.7%,0,-
Gori,S9,KR,MID,1,0%,1,2,3,1,8.7,354,75%,25.3,228,1.45,0.63,0.39,0.2,-783,1,-685,0%,0%,0,-
Kuzan,S9,KR,MID,30,43.3%,4.7,2.2,1.4,4.3,8.8,380,67.2%,25.6,424,1.1,0.44,0.34,0.16,-60,0,-134,13.3%,13.3%,0,1
Lava,S9,KR,MID,44,34.1%,2.6,2.5,2.2,3.2,8.3,372,68.5%,28.2,389,1.1,0.48,0.29,0.26,-223,-6,-353,22.7%,11.4%,0,8
Naehyun,S9,KR,MID,62,51.6%,4.3,2.8,1.8,4.9,8.6,391,63.5%,21.8,372,1.17,0.56,0.23,0.26,-112,-5,43,16.1%,4.8%,0,1
PawN,S9,KR,MID,42,69%,4.8,3.1,1.7,5.3,8.7,408,64.5%,22.3,408,1.29,0.58,0.31,0.34,85,-8,12,19%,11.9%,0,11
Rich,S9,KR,MID,5,40%,1.4,1.6,3.6,3.4,7.7,351,59%,20,314,1.21,0.47,0.34,0.15,-1231,-28,-604,40%,20%,0,2
Ruby,S9,KR,MID,5,40%,2.3,2.2,2.4,3.4,9.1,385,70.4%,25.1,382,0.79,0.33,0.25,0.1,-64,-2,248,0%,0%,0,1
ShowMaker,S9,KR,MID,100,58%,5.4,3.3,1.6,5.5,9.1,413,69.1%,24.2,440,1.16,0.52,0.27,0.24,91,2,33,11%,8%,1,15
Tempt,S9,KR,MID,49,55.1%,5.3,3,1.5,5.1,8.7,392,66.5%,27.2,461,1.19,0.5,0.29,0.27,228,4,64,30.6%,6.1%,0,11
Ucal,S9,KR,MID,75,45.3%,2.8,2.4,2.5,4.7,8.4,377,63.8%,23.1,385,1.08,0.55,0.23,0.28,174,6,-43,21.3%,6.7%,0,9
reM,S9,KR,MID,2,0%,1.3,1.5,3,2.5,9.2,375,57.5%,29,466,0.76,0.43,0.15,0.15,-220,-4,-416,0%,0%,0,-
Aiming,S9,KR,ADC,82,46.3%,4.2,3.5,1.8,4.1,9.7,441,69%,32.1,533,1.38,0.46,0.44,0.14,85,-1,53,19.5%,7.3%,0,7
Deft,S9,KR,ADC,104,58.7%,4.3,3.4,2,5.3,9.7,440,69.3%,32.7,580,1.41,0.55,0.39,0.22,107,2,19,21.2%,8.7%,0,7
Gango,S9,KR,ADC,16,25%,2.4,2.5,2.8,4.3,9.4,406,65.3%,26.6,420,0.97,0.36,0.3,0.13,-304,-4,-115,18.8%,6.3%,0,-
Ghost,S9,KR,ADC,99,57.6%,3.9,2.7,1.9,4.6,9.7,430,64.4%,25.9,458,1.3,0.5,0.38,0.2,-75,0,-6,14.1%,8.1%,0,5
Light,S9,KR,ADC,17,29.4%,2.4,2.9,3.2,4.7,9.4,417,72.8%,27.6,483,1.07,0.36,0.36,0.12,-443,-5,-292,29.4%,23.5%,1,2
Moo,S9,,ADC,1,0%,0.6,2,7,2,9.1,365,50%,23.6,429,1.15,0.47,0.5,0.25,-1074,-14,-1681,0%,0%,0,-
Nuclear,S9,KR,ADC,99,57.6%,5.3,3.1,1.6,5.3,9.8,436,66.5%,24.9,449,1.3,0.41,0.41,0.13,-160,-5,-16,13.1%,6.1%,0,3
PraY,S9,KR,ADC,44,36.4%,2.7,2.3,2.2,3.6,9.6,419,58.1%,26.1,393,1.28,0.49,0.41,0.16,-222,-2,69,25%,2.3%,0,3
Prince,S9,KR,ADC,1,100%,2,2,2,2,9.8,428,50%,33.7,609,1.54,0.54,0.49,0.29,-888,-6,254,0%,0%,0,-
Route,S9,KR,ADC,93,16.1%,2.4,2.5,2.2,2.8,9.9,417,65.1%,29.8,458,1.37,0.46,0.45,0.2,-16,-1,-62,19.4%,8.6%,0,8
Ruler,S9,KR,ADC,88,45.5%,4.7,3.3,1.5,3.6,10.5,453,75.5%,33.2,514,1.64,0.51,0.54,0.21,190,2,-19,35.2%,4.5%,0,5
Sangyoon,S9,KR,ADC,93,45.2%,4.3,2.9,1.5,3.8,10.1,433,64.4%,29.9,475,1.2,0.35,0.38,0.12,-112,-1,-18,15.1%,7.5%,0,-
Ssol,S9,KR,ADC,9,22.2%,2.3,2.2,2.9,4.3,10,412,61.8%,28,485,1.28,0.38,0.49,0.14,-636,-9,-597,11.1%,22.2%,0,1
Stitch,S9,,ADC,3,0%,0.5,0.3,2,0.7,9.2,359,26.2%,26.4,288,1.21,0.39,0.4,0.13,-634,-11,-386,0%,0%,0,-
Teddy,S9,KR,ADC,106,69.8%,7.8,3.8,1,3.9,10.8,466,62.3%,30.4,544,1.33,0.45,0.4,0.17,83,5,8,18.9%,5.7%,0,9
Trigger,S9,KR,ADC,7,71.4%,7.4,2.7,1,4.7,9.2,415,57.1%,21.7,369,1.42,0.44,0.5,0.17,-612,-11,-225,28.6%,0%,0,-
Veritas,S9,,ADC,6,33.3%,3,2.7,1.8,2.8,9.8,412,74.2%,31.8,458,1.16,0.42,0.33,0.2,7,2,64,16.7%,16.7%,0,1
Viper,S9,KR,ADC,88,69.3%,7.5,3.6,1,4.3,10.5,464,63%,28.6,484,1.46,0.44,0.43,0.11,376,5,131,34.1%,5.7%,1,3
Zenit,S9,KR,ADC,31,45.2%,3.3,2.9,2.3,4.5,9.5,415,70.8%,28.5,497,1.09,0.36,0.3,0.18,-87,1,92,25.8%,6.5%,0,2
BeryL,S9,KR,SUPPORT,69,60.9%,3.2,0.6,2.8,8.2,1.9,257,67.4%,7.7,143,2.58,1.71,0.43,0.55,-66,1,-28,14.5%,15.9%,0,1
Effort,S9,KR,SUPPORT,40,77.5%,5.5,0.3,1.5,7.9,1.7,265,64.1%,6.7,120,2.73,1.77,0.34,0.49,-9,-4,-95,20%,5%,0,-
GuGer,S9,KR,SUPPORT,17,29.4%,2.8,0.8,2.8,7.1,2.1,254,74.3%,9.6,163,2.12,1.45,0.25,0.44,-39,8,117,41.2%,5.9%,0,1
Hoit,S9,KR,SUPPORT,31,51.6%,3.8,0.5,2.2,7.9,1.8,268,69.5%,6.9,117,2.75,1.62,0.44,0.46,-105,0,-83,19.4%,3.2%,0,-
Jelly,S9,KR,SUPPORT,23,30.4%,2,0.4,3.1,6,1.7,235,60.5%,7.6,115,2.37,1.48,0.32,0.47,-65,-3,-74,17.4%,13%,0,2
Joker,S9,KR,SUPPORT,99,57.6%,2.3,0.5,3.1,6.5,1.9,262,64.8%,8.6,147,2.66,1.75,0.41,0.52,41,1,51,17.2%,13.1%,0,2
KeY,S9,KR,SUPPORT,93,45.2%,2.8,0.6,2.5,6.1,1.6,248,69.6%,7.9,122,2.63,1.61,0.4,0.5,60,2,-67,19.4%,14%,0,-
Kellin,S9,KR,SUPPORT,62,9.7%,1.7,0.3,3.2,4.9,1.3,224,61.8%,8.9,133,2.33,1.65,0.29,0.56,-221,-4,-315,19.4%,16.1%,0,-
Keshi,S9,KR,SUPPORT,62,50%,2.2,0.6,3,6,1.3,234,58.4%,7.7,121,2.25,1.56,0.27,0.5,-101,1,-10,17.7%,16.1%,0,-
Lehends,S9,KR,SUPPORT,88,69.3%,6.2,0.7,1.4,7.9,1.9,272,67.1%,9.7,164,2.58,1.55,0.36,0.46,350,4,358,35.2%,10.2%,0,3
Life,S9,KR,SUPPORT,88,45.5%,3.4,0.7,2,6,1.5,251,73%,9.4,141,2.37,1.67,0.26,0.45,27,-1,122,34.1%,6.8%,0,1
Mata,S9,KR,SUPPORT,66,65.2%,3.9,0.6,2,7.2,1.6,253,63.9%,6.6,113,2.55,1.78,0.36,0.54,-102,-5,22,27.3%,9.1%,0,1
Minit,S9,KR,SUPPORT,1,0%,0.8,0,5,4,1.9,223,50%,5.8,105,1.9,1.62,0.22,0.44,-536,-6,-1208,0%,0%,0,-
Nova,S9,KR,SUPPORT,34,26.5%,2,0.4,2.7,5,1.8,239,68.3%,8.5,123,2.7,1.67,0.46,0.5,-166,1,-225,26.5%,14.7%,0,2
Proud,S9,KR,SUPPORT,7,28.6%,4.2,0.4,1.9,7.3,1,243,79.1%,6.7,111,2.55,1.82,0.46,0.56,-739,-11,-509,14.3%,0%,0,-
Pure,S9,,SUPPORT,6,33.3%,2.5,0.7,2.3,5.2,1.6,236,69%,10.1,156,2.51,1.39,0.36,0.47,27,-8,-185,16.7%,0%,0,-
Secret,S9,KR,SUPPORT,7,71.4%,3.6,0.9,2.4,8,1.4,255,69.5%,7.3,123,2.45,1.64,0.42,0.51,152,-4,489,42.9%,0%,0,-
SnowFlower,S9,KR,SUPPORT,91,37.4%,2.4,0.6,2.8,6.3,1.7,245,64.9%,9.1,140,2.6,1.52,0.43,0.46,-51,1,-138,27.5%,9.9%,0,-
TusiN,S9,KR,SUPPORT,104,58.7%,3.8,0.8,2.2,7.6,1.6,260,67.9%,8.2,140,2.51,1.64,0.38,0.51,112,1,58,25%,11.5%,0,3
Canna,S10,KR,TOP,99,66.7%,5.1,2.8,1.6,5.5,8.3,398,63.9%,23,421,1.02,0.43,0.19,0.17,100,-1,56,24.2%,13.1%,0,43
Chovy,S10,KR,MID,105,64.8%,4.4,3.5,1.9,4.8,9.6,426,66.7%,27.1,539,1.36,0.46,0.39,0.18,336,15,419,16.2%,10.5%,0,24
CuVee,S10,KR,TOP,56,32.1%,1.7,2.1,3.3,3.5,7.6,355,58.9%,24.4,404,1.06,0.52,0.22,0.26,-173,-4,-260,14.3%,17.9%,0,10
Doran,S10,KR,TOP,105,64.8%,2.9,2.5,2.6,5.2,8.5,394,59.8%,20.8,417,1.01,0.47,0.19,0.17,77,5,102,17.1%,22.9%,0,33
DuDu,S10,KR,TOP,31,22.6%,1.6,2.4,3.6,3.5,8,369,59.1%,23.7,405,0.93,0.49,0.16,0.23,-113,2,97,22.6%,22.6%,0,14
Fly,S10,KR,MID,86,46.5%,3.3,2.3,2.4,5.4,7.8,360,65.3%,22.6,407,1.02,0.46,0.22,0.22,-309,-11,-343,20.9%,5.8%,0,12
Hoya,S10,KR,TOP,8,12.5%,1.5,2.1,2.6,1.9,7.5,338,44.5%,23.5,348,0.88,0.49,0.12,0.19,-611,-13,-248,25%,25%,0,-
Ikssu,S10,KR,TOP,84,27.4%,1.6,1.9,3.9,4.2,6.9,333,60%,23.4,407,0.84,0.42,0.15,0.13,-530,-11,-251,16.7%,15.5%,0,27
Kiin,S10,KR,MID,1,0%,0.5,2,4,0,8,343,40%,14.3,199,0.99,0.3,0.23,0.17,121,2,6,0%,0%,0,-
Lonely,S10,KR,TOP,12,41.7%,2.6,2.4,3.1,5.5,7.8,361,68%,26.1,398,1.2,0.56,0.21,0.26,-314,-7,-92,16.7%,41.7%,0,2
Nuguri,S10,KR,TOP,93,67.7%,3.3,3.5,2.6,4.8,9,437,60%,28,546,1.04,0.41,0.24,0.14,697,9,270,29%,21.5%,0,37
Rascal,S10,KR,TOP,101,69.3%,3.9,2.8,2.1,5.5,8.2,392,58.8%,21.5,401,1,0.44,0.21,0.2,130,2,95,28.7%,9.9%,0,39
Ray,S10,KR,TOP,6,33.3%,1.8,2.2,2.8,2.8,7.5,352,45.1%,18.8,269,0.92,0.38,0.16,0.25,-793,-25,-589,16.7%,33.3%,0,1
Rich,S10,KR,TOP,48,41.7%,2.2,2.7,3.4,4.8,7.9,376,66.4%,27.5,495,0.99,0.36,0.24,0.1,-111,-3,-113,22.9%,22.9%,0,16
Roach,S10,KR,TOP,4,50%,2.1,3.3,3.3,3.5,7.7,364,53.6%,17.7,320,1.1,0.5,0.2,0.15,-492,0,215,25%,0%,0,1
Smeb,S10,KR,SUPPORT,4,25%,2,0.5,3.3,6,1.2,207,70.4%,18.2,339,2.11,1.24,0.35,0.49,38,3,87,25%,0%,0,-
SoHwan,S10,KR,TOP,62,48.4%,2.6,1.7,2.1,3.9,8,364,56%,21.5,370,1.08,0.52,0.19,0.23,-275,-5,-199,14.5%,16.1%,1,9
Summit,S10,KR,TOP,81,40.7%,2,2,3.1,4.2,8.3,374,60.8%,26.4,451,1.15,0.46,0.3,0.24,43,4,11,27.2%,17.3%,0,14
Sw0rd,S10,KR,TOP,32,34.4%,1.9,1.5,2.7,3.6,7.3,339,51.2%,21,309,1.04,0.49,0.22,0.19,-418,-15,-129,21.9%,9.4%,0,6
Thal,S10,KR,TOP,8,25%,1.8,1.8,2.8,3.1,7.5,347,67.5%,20.8,328,0.9,0.36,0.18,0.16,-418,-6,-251,12.5%,0%,0,1
Untara,S10,KR,TOP,10,50%,2.1,1.1,2.2,3.6,7.2,330,52%,21.6,359,0.91,0.41,0.12,0.19,-468,-2,-47,10%,10%,0,-
Beyond,S10,KR,JUNGLE,48,41.7%,2.8,1.6,2.8,6.2,5.1,301,69.6%,11.4,207,1.53,0.47,0.46,0.4,-259,-1,-219,20.8%,12.5%,0,1
CAD,S10,KR,JUNGLE,16,25%,2,2.1,4.2,6.3,4.1,279,79%,11.4,204,1.19,0.52,0.3,0.48,-324,-8,-428,37.5%,18.8%,0,3
Canyon,S10,KR,JUNGLE,93,67.7%,4.4,2.2,2.1,6.9,5.7,341,67.4%,13.4,266,1.77,0.62,0.46,0.37,319,6,291,45.2%,7.5%,1,14
Clid,S10,KR,JUNGLE,101,69.3%,5.1,2.6,1.9,7,5.6,342,68.9%,13.6,262,2.04,0.71,0.56,0.38,219,-1,110,39.6%,5.9%,0,14
Cuzz,S10,KR,JUNGLE,80,68.8%,5.7,1.9,1.5,6.5,5.7,326,70.5%,15,269,2.08,0.69,0.56,0.36,149,6,277,41.3%,7.5%,0,5
Dread,S10,KR,JUNGLE,19,26.3%,1.8,1.7,3.1,3.9,5.3,305,68.6%,13.6,229,1.73,0.59,0.48,0.35,-104,-5,-88,47.4%,10.5%,0,1
Ellim,S10,KR,JUNGLE,23,56.5%,5.7,2.3,1.9,8.3,5.2,325,72%,11.9,216,1.57,0.53,0.37,0.41,-2,-4,-16,43.5%,13%,0,1
Flawless,S10,KR,JUNGLE,75,30.7%,2.1,1.9,3.2,4.8,5.1,305,69.5%,13.3,234,1.87,0.68,0.56,0.44,-232,-2,-167,33.3%,9.3%,0,7
Haru,S10,KR,JUNGLE,61,32.8%,2.3,1.8,2.8,4.6,5.5,314,67.8%,13.6,228,1.71,0.67,0.44,0.41,-56,0,-41,27.9%,11.5%,0,4
KaKAO,S10,KR,JUNGLE,8,25%,1.9,1.5,2.8,3.8,5.3,302,80%,16.1,248,0.91,0.25,0.21,0.23,54,13,465,25%,25%,0,1
Kuma,S10,KR,JUNGLE,9,0%,1.5,1.6,3.7,4,5.3,301,57.8%,17.7,298,1.38,0.54,0.42,0.37,-349,-3,-189,33.3%,22.2%,0,1
Malrang,S10,KR,JUNGLE,15,26.7%,2,1.7,3.4,5.1,5.3,309,75.1%,13.3,236,1.73,0.66,0.43,0.43,-399,-3,-290,33.3%,40%,0,1
OnFleek,S10,KR,JUNGLE,78,39.7%,3.1,2.1,2.4,5.4,5.5,318,72.2%,12.6,218,1.98,0.63,0.65,0.4,-39,-5,-175,30.8%,6.4%,0,9
Punch,S10,KR,JUNGLE,15,46.7%,4,1.7,2,6.3,5,298,79.5%,12.1,196,1.83,0.65,0.51,0.44,-16,3,9,46.7%,6.7%,0,-
Pyosik,S10,KR,JUNGLE,108,64.8%,4.3,2.5,2.2,6.7,5.9,340,71%,14.6,293,1.71,0.54,0.47,0.3,128,5,284,31.5%,9.3%,0,10
Spirit,S10,KR,JUNGLE,81,50.6%,3.5,2.1,2.5,6.5,5.2,313,69.6%,14.4,261,2.2,0.74,0.67,0.39,-150,-3,-209,40.7%,9.9%,0,12
Tarzan,S10,KR,JUNGLE,50,34%,2.9,1.5,2.1,4.5,5,292,67%,13,198,1.83,0.72,0.48,0.44,-183,-5,-232,40%,6%,0,2
YoungJae,S10,KR,JUNGLE,10,10%,1.4,1.9,4.5,4.3,4.6,291,66.8%,11.7,202,1.51,0.56,0.45,0.54,-657,-15,-912,40%,20%,0,-
bono,S10,KR,JUNGLE,80,48.8%,3.5,1.7,2.2,5.9,5.3,313,72.7%,12.3,215,1.86,0.62,0.5,0.43,39,-0,-32,43.8%,8.8%,0,6
ALL IN,S10,KR,MID,13,46.2%,4.4,3.3,1.5,3.4,8.1,369,59.9%,21.8,354,0.93,0.57,0.15,0.3,-404,-18,-598,30.8%,0%,0,2
Bdd,S10,KR,MID,101,69.3%,6.1,3.6,1.6,6.1,8.6,409,68.5%,26.2,495,1.09,0.51,0.23,0.26,293,4,159,29.7%,6.9%,0,19
Clozer,S10,KR,MID,15,80%,5.7,4,1.5,4.7,9,413,58.3%,25.2,471,0.97,0.41,0.14,0.16,264,1,283,20%,13.3%,0,7
Cover,S10,KR,MID,25,52%,2.4,2.2,3,5,8.7,384,52.6%,25.3,474,0.95,0.33,0.26,0.19,-50,4,-69,8%,4%,0,2
DanChung,S10,KR,MID,8,25%,1.7,1.1,3.4,4.5,7.1,323,71.1%,23.7,376,1.08,0.47,0.2,0.19,-1132,-26,-656,12.5%,37.5%,0,-
Dove,S10,KR,MID,46,34.8%,2.8,2.1,2,3.6,8.5,374,60.5%,25.6,408,1.06,0.5,0.25,0.23,-140,-4,-144,15.2%,15.2%,0,5
FATE,S10,KR,MID,47,46.8%,4.6,3.6,1.8,4.6,8.9,409,69.9%,29.5,535,1.12,0.51,0.22,0.22,122,2,115,17%,6.4%,0,12
Faker,S10,KR,MID,88,63.6%,5.4,2.9,1.5,5.4,9,407,67.6%,26.4,473,1.26,0.53,0.27,0.22,197,2,85,22.7%,10.2%,0,11
Keine,S10,KR,MID,26,19.2%,2.3,2.1,2.5,3.8,8.3,357,59.5%,25.1,447,1.18,0.59,0.24,0.28,-219,-5,-292,11.5%,7.7%,0,3
Kuzan,S10,KR,MID,48,41.7%,3.8,2.9,2,4.6,8.7,388,67.1%,25.1,458,1.25,0.51,0.3,0.25,-63,3,-82,14.6%,10.4%,0,6
Lava,S10,KR,SUPPORT,1,100%,3.3,4,3,6,1.5,297,71.4%,16.6,342,2.79,1.26,0.82,0.27,78,-10,241,0%,0%,0,-
Mickey,S10,KR,MID,33,15.2%,1.6,2,3.2,3,8.2,358,68%,25.8,406,1.05,0.48,0.28,0.24,-503,-8,-261,30.3%,6.1%,0,12
Mireu,S10,KR,MID,28,25%,2,2.2,3.1,4.1,8.3,365,58.2%,23.5,394,0.96,0.52,0.18,0.25,-547,-13,-305,21.4%,7.1%,0,6
Naehyun,S10,KR,MID,1,0%,-,0,0,0,9.5,349,0%,26.1,172,1.4,0.47,0.36,0.18,-812,-15,-218,0%,0%,0,-
Quad,S10,KR,MID,3,66.7%,5.8,5,1.7,4.7,7.8,385,72.8%,24.8,449,1.64,0.67,0.47,0.23,-256,-16,-644,0%,33.3%,0,-
ShowMaker,S10,KR,MID,93,67.7%,7.4,3.5,1.3,6.1,8.8,416,70.7%,25.9,513,1.19,0.47,0.21,0.21,293,3,118,24.7%,2.2%,1,18
Tempt,S10,KR,MID,39,38.5%,2.9,2.3,2.2,4.3,8.7,374,67.4%,26.7,450,1.15,0.59,0.23,0.32,-175,-3,-88,23.1%,7.7%,0,2
Ucal,S10,KR,MID,69,34.8%,3,2.3,2.2,4.2,8.7,375,67%,25.5,421,1.04,0.43,0.28,0.21,-98,2,-66,29%,11.6%,0,10
kurO,S10,KR,MID,75,48%,4.2,2.1,1.6,4.7,8.2,370,67%,24.3,422,1.24,0.54,0.28,0.25,-76,-4,82,22.7%,5.3%,0,7
Aiming,S10,KR,SUPPORT,7,85.7%,15.4,2.9,0.7,8.1,2.2,326,86.6%,25.1,446,3.52,1.34,0.92,0.2,847,2,720,42.9%,0%,0,-
BeryL,S10,KR,SUPPORT,69,72.5%,3.7,1,2.4,7.8,1.4,248,61.4%,8,164,3.03,1.75,0.55,0.5,92,5,-10,18.8%,7.2%,0,-
Deft,S10,KR,SUPPORT,4,75%,9,3.3,1,5.8,2.1,317,61.1%,23.7,476,2.43,1.15,0.51,0.23,598,-6,404,25%,0%,0,-
Effort,S10,KR,SUPPORT,98,67.3%,4,0.9,2.2,8.1,1.2,238,69.7%,6.8,121,3.02,1.89,0.48,0.53,136,1,20,32.7%,6.1%,0,2
Ghost,S10,KR,SUPPORT,10,70%,7.1,1.4,1.6,9.9,1.3,288,75.5%,15.2,303,2.51,1.27,0.47,0.3,815,-3,491,30%,10%,0,-
GorillA,S10,KR,SUPPORT,80,42.5%,2.7,0.4,2.6,6.6,0.9,216,65.4%,7.3,123,2.17,1.61,0.22,0.51,-153,-1,-31,20%,13.8%,0,1
GuGer,S10,KR,SUPPORT,47,40.4%,2.5,1,2.9,6.3,1.3,233,63.4%,10.9,188,2.84,1.78,0.41,0.49,-68,2,4,8.5%,10.6%,0,-
Gumayusi,S10,KR,ADC,7,42.9%,3.9,4.3,2.6,5.9,10,453,67.2%,24.2,437,1.33,0.51,0.35,0.23,746,3,287,57.1%,0%,0,-
HyBrid,S10,KR,ADC,65,32.3%,2.7,3.8,2.5,2.9,10,431,62.7%,29.4,527,1.09,0.33,0.4,0.08,-300,-7,-400,21.5%,4.6%,3,8
Jelly,S10,KR,SUPPORT,43,41.9%,2.5,0.9,2.9,6.3,1,223,65%,8.9,155,2.44,1.54,0.32,0.5,-133,-0,-73,16.3%,9.3%,0,-
Kabbie,S10,KR,SUPPORT,46,34.8%,2.2,0.4,2.7,5.4,1,212,63.1%,7.5,112,2.55,1.81,0.34,0.57,-130,2,-332,26.1%,15.2%,0,1
Keria,S10,KR,SUPPORT,104,64.4%,4.3,0.8,2.2,8.6,1.1,238,70.1%,8.9,184,2.65,1.72,0.41,0.59,105,-2,7,26%,10.6%,0,-
Lehends,S10,KR,SUPPORT,83,26.5%,2.5,0.6,2.7,6.4,1.1,220,71.3%,8.9,148,2.61,1.66,0.38,0.53,-130,-0,-25,21.7%,9.6%,0,5
Leo,S10,KR,SUPPORT,1,100%,-,2,0,5,3.2,286,70%,15.7,259,2.4,0.86,0.89,0.12,291,13,1180,0%,0%,0,-
Life,S10,KR,SUPPORT,75,72%,4.5,0.8,2.2,8.9,1,238,61.8%,8.2,164,2.55,1.59,0.35,0.48,41,-2,-59,30.7%,6.7%,0,1
Mystic,S10,KR,SUPPORT,3,33.3%,2.8,2,3,6.3,1.9,265,88.2%,25.4,413,2.82,0.99,0.96,0.18,162,8,505,33.3%,33.3%,0,-
Nuclear,S10,KR,SUPPORT,1,100%,10,1,1,9,2.8,310,83.3%,20.9,363,3.33,1.04,1.07,0.23,572,7,563,0%,0%,0,-
Route,S10,KR,SUPPORT,4,50%,7.8,1.5,1,6.3,2.1,272,81.8%,25.7,442,2.86,1.07,0.75,0.35,338,-3,239,0%,25%,0,-
Ruler,S10,KR,SUPPORT,5,60%,5.7,2,1.4,6,2.1,299,68%,26.9,441,2.58,1.12,0.83,0.28,707,-3,668,0%,0%,0,-
Sangyoon,S10,KR,ADC,8,25%,2.3,2.3,2,2.3,9.6,402,59.7%,30,463,1.27,0.39,0.37,0.16,-215,2,-271,0%,0%,0,-
Ssol,S10,KR,ADC,4,25%,2.6,2.8,1.8,1.8,8.8,379,49.5%,27.7,534,1.22,0.3,0.48,0.13,-692,-6,-225,25%,0%,0,-
Teddy,S10,KR,SUPPORT,3,33.3%,7,1.3,1,5.7,2.4,278,61.7%,18.4,305,3.19,1.12,1.03,0.22,126,-2,417,0%,0%,0,-
Trigger,S10,KR,ADC,19,10.5%,1.6,2.2,3.4,3.2,8.5,367,54.9%,26.3,443,1.25,0.41,0.34,0.15,-307,-5,-132,21.1%,0%,0,4
TusiN,S10,KR,SUPPORT,84,42.9%,2.9,0.4,2.5,7,1.1,227,72.9%,8.1,142,2.56,1.73,0.38,0.52,86,1,177,23.8%,13.1%,0,-
Viper,S10,KR,SUPPORT,2,0%,1,1,3.5,2.5,1.3,237,60.7%,25.6,375,2.27,1.21,0.57,0.21,-101,-4,398,50%,0%,0,-
Vsta,S10,KR,SUPPORT,3,66.7%,21,1.7,0.3,5.3,1.3,257,84.5%,20.2,397,2.64,1.27,0.65,0.28,141,-13,128,33.3%,0%,0,-
Zenit,S10,KR,ADC,5,20%,1.6,0.8,3.4,4.6,8,347,56.8%,26,473,0.99,0.37,0.21,0.19,-1035,-18,-658,0%,0%,0,-
deokdam,S10,KR,SUPPORT,1,100%,7,2,3,19,1.2,263,77.8%,15.7,429,2.38,1.36,0.46,0.41,416,-3,141,0%,0%,0,-
Ben,S10,KR,SUPPORT,54,50%,2.9,0.4,2.7,7.3,0.9,219,64.2%,7.9,141,2.3,1.5,0.28,0.51,-192,-3,-75,20.4%,11.1%,0,-
Hoit,S10,KR,SUPPORT,13,38.5%,2.7,0.5,2.2,5.4,1.1,225,62.4%,9.2,159,2.8,1.62,0.48,0.49,34,-1,-17,30.8%,0%,0,-
Joker,S10,KR,SUPPORT,6,16.7%,1.8,0.3,3,5,1.1,213,44%,6.8,106,2.83,1.91,0.4,0.53,88,6,12,0%,0%,0,-
Kellin,S10,KR,SUPPORT,21,61.9%,4.4,0.4,1.6,6.7,0.9,224,62.4%,6,102,2.49,1.8,0.27,0.55,39,-0,-197,38.1%,0%,0,-
Kuri,S10,KR,SUPPORT,2,50%,1.3,0,3.5,4.5,0.7,209,31%,5,94,2.39,2.04,0.15,0.57,-274,-7,-435,0%,0%,0,-
Mia,S10,KR,SUPPORT,17,17.6%,1.3,0.8,4.6,5.4,1.2,218,55.4%,10.7,198,2.9,1.93,0.5,0.57,-140,-1,-128,23.5%,17.6%,0,-
Nova,S10,KR,SUPPORT,8,25%,1.4,0.6,3.1,3.6,1.1,211,61.2%,9.3,153,2.57,1.56,0.42,0.48,-415,-1,-139,0%,12.5%,0,-
Secret,S10,KR,SUPPORT,67,29.9%,2.1,0.3,3.1,6.1,1,215,62.2%,8.1,139,2.39,1.63,0.32,0.49,-187,0,17,23.9%,11.9%,0,-
Wadid,S10,KR,SUPPORT,4,25%,2.6,0.3,2,5,0.8,202,75.4%,4,59,2.23,1.53,0.14,0.45,59,3,-288,50%,0%,0,-
Burdol,S11,KR,TOP,6,50%,2.5,4.5,3.3,3.8,8.3,421,68.9%,26.2,454,0.8,0.26,0.18,0.1,-250,-12,-320,16.7%,33.3%,0,6
Canna,S11,KR,TOP,92,57.6%,3.1,3.1,2.5,4.9,8.3,402,63.1%,24.8,464,1.08,0.39,0.24,0.22,288,4,157,31.5%,17.4%,0,34
Doran,S11,KR,TOP,91,42.9%,2.8,2.4,2.6,4.9,8.5,391,62%,27.5,493,1.07,0.48,0.24,0.24,183,8,142,16.5%,18.7%,0,32
DuDu,S11,KR,TOP,29,34.5%,2.4,2.5,2.7,3.9,8.3,387,56.9%,22.4,419,1.05,0.45,0.22,0.23,-160,-2,-151,27.6%,6.9%,0,7
Hoya,S11,KR,TOP,87,36.8%,2.3,1.8,2.5,4,7.5,349,55.8%,22.7,375,1.11,0.48,0.22,0.27,-570,-10,-199,14.9%,16.1%,0,19
Khan,S11,KR,TOP,99,74.7%,3.4,2.6,2.7,6.7,7.7,390,61.7%,24.6,524,1.11,0.43,0.22,0.23,122,-1,-37,20.2%,15.2%,0,25
Kiin,S11,KR,TOP,92,45.7%,2.8,2.3,2.5,4.9,8.5,391,58.8%,27.1,504,1.14,0.4,0.28,0.21,313,9,220,28.3%,10.9%,0,27
Morgan,S11,KR,TOP,78,56.4%,3.2,2.3,2.4,5.2,7.6,366,55.7%,19.4,392,1.13,0.4,0.27,0.25,-439,-10,-223,17.9%,14.1%,0,13
Rascal,S11,KR,TOP,94,60.6%,3.3,2.9,2.4,4.9,8.6,406,61.5%,22.7,408,1.1,0.39,0.29,0.23,119,0,97,38.3%,11.7%,0,47
Rich,S11,KR,TOP,103,48.5%,2.5,2.3,3,5.1,7.5,365,60.4%,25.6,500,1.06,0.37,0.27,0.15,-418,-10,-321,14.6%,18.4%,0,27
Summit,S11,KR,TOP,94,44.7%,2.2,2.6,3.3,4.6,8.4,391,62.6%,27.4,486,1.15,0.41,0.31,0.21,284,6,129,20.2%,11.7%,0,37
Zeus,S11,KR,TOP,19,63.2%,3.1,2.2,2.5,5.5,7.7,374,62.4%,22.5,421,0.88,0.33,0.18,0.15,91,1,23,21.1%,5.3%,0,1
destroy,S11,KR,TOP,1,0%,0.4,1,5,1,8.9,359,50%,15.7,237,1.16,0.48,0.26,0.36,-1994,-14,-1250,0%,100%,0,-
kingen,S11,KR,MID,1,0%,0.7,1,3,1,8.3,358,50%,15.3,230,0.74,0.29,0.16,0.16,-969,-32,-842,0%,0%,0,-
Bonnie,S11,KR,JUNGLE,6,33.3%,1.9,2.3,2.8,3.2,5.9,330,61.4%,14.9,254,1.92,0.88,0.55,0.36,-565,-11,-655,0%,16.7%,0,1
Canyon,S11,KR,MID,10,70%,4.6,2.3,1.9,6.5,7.8,382,67.2%,20.4,382,0.9,0.35,0.21,0.23,-110,-15,-236,40%,10%,0,4
Chieftain,S11,KR,MID,1,0%,0.3,1,4,0,8.3,319,50%,30.2,362,0.82,0.45,0.2,0.12,-1500,-4,-562,0%,0%,0,-
Clid,S11,KR,JUNGLE,92,60.9%,4.4,2.6,1.9,5.9,5.9,341,67.7%,15.7,284,1.95,0.63,0.54,0.39,-46,-3,-54,39.1%,4.3%,0,13
Croco,S11,KR,JUNGLE,90,46.7%,3.1,2,2.6,6.1,5.6,328,70.4%,17.3,309,1.58,0.44,0.48,0.3,-104,-4,-112,28.9%,14.4%,0,8
Cuzz,S11,KR,JUNGLE,43,58.1%,4.6,2.6,2,6.6,6.1,344,66%,16.9,332,1.98,0.63,0.52,0.33,39,-3,-60,44.2%,2.3%,0,7
Dread,S11,KR,JUNGLE,92,45.7%,3.9,3.1,2.3,5.8,6.3,348,76.7%,17.9,336,1.69,0.48,0.51,0.34,102,-0,-56,54.3%,7.6%,0,17
Ellim,S11,KR,JUNGLE,22,54.5%,5.1,2.1,1.6,6.2,6,334,67.9%,14.6,253,1.75,0.65,0.44,0.38,182,4,135,36.4%,0%,0,-
Flawless,S11,KR,JUNGLE,5,60%,4.4,2.4,1.6,4.6,5.5,318,46.6%,14.3,277,1.72,0.51,0.51,0.43,-424,-8,-425,40%,0%,0,-
GIDEON,S11,KR,JUNGLE,27,33.3%,2.7,2,2.3,4,6.2,322,68.9%,15,231,1.84,0.59,0.53,0.32,-260,-9,-419,40.7%,7.4%,0,4
Malrang,S11,KR,JUNGLE,10,70%,5.9,4.4,1.6,5,5.6,351,68.7%,15.9,310,1.36,0.5,0.28,0.34,-105,-13,-224,60%,0%,0,3
Mir,S11,KR,JUNGLE,46,50%,3.8,3.2,2.6,6.4,5.9,342,66.8%,15.2,310,1.59,0.5,0.43,0.36,-75,-7,-340,34.8%,15.2%,0,4
OnFleek,S11,KR,JUNGLE,4,0%,1.9,1.8,3.3,4.5,6.3,329,54%,11.5,228,1.98,0.38,0.78,0.3,-39,-9,-687,0%,0%,0,-
Oner,S11,KR,JUNGLE,46,60.9%,3.8,3.1,2.2,5.4,5.9,355,68%,17.8,332,1.55,0.4,0.47,0.25,295,0,70,43.5%,4.3%,0,6
Peanut,S11,KR,JUNGLE,103,48.5%,3.9,2.9,2.2,5.7,6.8,362,70.1%,18.6,361,1.81,0.45,0.6,0.25,125,7,316,30.1%,11.7%,0,17
Pyosik,S11,KR,JUNGLE,94,33%,2.5,2.8,3,4.6,6.9,358,74.3%,21,387,1.78,0.52,0.52,0.28,-75,3,25,31.9%,8.5%,1,10
UmTi,S11,KR,MID,1,0%,0,0,4,0,6.2,259,0%,11.7,160,1.06,0.43,0.43,0.16,-3180,-48,-2333,0%,0%,0,-
Willer,S11,KR,JUNGLE,28,53.6%,3.6,3.1,2.4,5.5,5.8,339,69.4%,14.3,260,1.68,0.55,0.4,0.49,-238,-4,-228,35.7%,7.1%,0,-
Yohan1,S11,KR,JUNGLE,33,48.5%,2.5,2.8,3.2,5.2,5.9,332,66.8%,16.8,350,1.34,0.33,0.39,0.3,-173,-2,-194,24.2%,12.1%,0,6
YoungJae,S11,KR,JUNGLE,3,33.3%,2.6,0.7,2.7,6.3,5.2,290,51%,11.7,192,1.56,0.54,0.55,0.46,-567,-7,-424,0%,0%,0,-
blank,S11,KR,JUNGLE,58,48.3%,4,2.3,2.2,6.7,6,334,67.5%,15.7,296,1.85,0.66,0.44,0.38,-136,-4,-214,39.7%,10.3%,0,6
Bay,S11,KR,MID,47,42.6%,2.7,1.6,2.6,5.5,8.3,363,61.9%,21.6,404,1,0.51,0.18,0.25,-641,-15,-370,19.1%,6.4%,0,3
Bdd,S11,KR,MID,97,60.8%,4.6,2.8,1.8,5.6,8.7,393,64.5%,26.6,478,1.1,0.46,0.23,0.21,135,5,167,16.5%,9.3%,0,22
Chovy,S11,KR,MID,107,50.5%,4.8,3.5,1.9,5.4,9.8,432,66.6%,27.7,552,1.43,0.46,0.41,0.18,507,14,352,23.4%,9.3%,1,46
Clozer,S11,KR,MID,21,57.1%,3.7,2.7,2.3,5.8,9.1,408,62.8%,25.4,472,0.99,0.39,0.2,0.13,298,7,198,9.5%,4.8%,0,2
Dove,S11,KR,MID,62,45.2%,3.8,3.3,2,4.3,8.7,393,66.2%,25.9,454,1.23,0.51,0.29,0.25,11,1,130,17.7%,3.2%,0,14
FATE,S11,KR,MID,94,44.7%,4.3,2.8,1.8,5,9.2,406,68%,25.9,465,1.1,0.48,0.22,0.26,106,-2,-32,21.3%,7.4%,0,19
Faker,S11,KR,MID,90,58.9%,3.8,2.6,2.1,5.3,8.5,393,59.8%,23.3,430,1.3,0.54,0.26,0.24,208,1,-1,18.9%,6.7%,0,12
Fly,S11,KR,MID,92,45.7%,2.9,2.3,2.7,5.5,8.2,371,63.2%,22.5,418,1.08,0.42,0.27,0.21,-141,-5,-124,29.3%,5.4%,0,8
Gori,S11,KR,MID,56,53.6%,3.1,3.2,2.5,4.6,8.6,393,60.6%,22.9,470,1.05,0.42,0.28,0.24,-404,-10,-254,14.3%,17.9%,0,17
Jett,S11,KR,MID,21,19%,1.8,2.3,3.5,3.8,8.1,365,59%,18.9,335,0.8,0.32,0.17,0.19,-158,-4,-21,28.6%,19%,0,3
Karis,S11,KR,MID,3,33.3%,1.7,0.7,2,2.7,8.7,356,40.1%,20.4,278,1.17,0.53,0.21,0.23,-591,-12,-638,0%,0%,0,-
Lava,S11,KR,MID,73,37%,3.6,2.3,2,4.7,9,390,70.5%,26.7,464,1.16,0.45,0.3,0.2,-223,-1,-45,27.4%,9.6%,1,8
Quad,S11,KR,MID,72,37.5%,3,1.5,2.3,5.3,8.6,366,64.2%,23.7,440,1.17,0.55,0.23,0.28,-309,-1,-62,12.5%,12.5%,0,4
ShowMaker,S11,KR,ADC,10,70%,5.4,3.5,1.7,5.7,9.7,433,64.1%,29.2,540,1.49,0.7,0.43,0.2,-92,-2,10,30%,20%,0,-
Ucal,S11,KR,MID,29,37.9%,3.3,2.9,2.4,5,9.4,406,64%,29.5,534,1.09,0.47,0.29,0.18,-14,4,156,10.3%,6.9%,0,8
Yaharong,S11,KR,MID,12,41.7%,4.4,2.9,1.8,5.2,8.4,376,76.5%,29.1,469,0.87,0.47,0.18,0.21,-632,-11,-184,16.7%,25%,0,2
5Kid,S11,KR,ADC,15,46.7%,5.1,2.7,1.3,3.7,10.3,422,51.2%,24.8,462,1.22,0.53,0.33,0.2,-522,-5,-249,0%,13.3%,0,1
BAO,S11,KR,ADC,70,35.7%,2.8,3.2,2.3,3.1,9.4,410,58.1%,23,434,1.06,0.44,0.35,0.11,-373,-7,-373,14.3%,8.6%,0,4
Bang,S11,KR,SUPPORT,1,0%,1,0,3,3,1.7,248,75%,12,213,3.1,1.74,0.44,0.27,779,1,1055,0%,0%,0,-
BeryL,S11,KR,SUPPORT,90,73.3%,3,0.9,3.2,8.6,1.3,245,63%,8.6,185,2.91,1.71,0.53,0.54,117,2,71,24.4%,13.3%,0,-
Deft,S11,KR,SUPPORT,3,66.7%,3.7,2.7,2.3,6,1.8,316,72.3%,32.4,716,2.72,1.41,0.57,0.23,721,-3,378,33.3%,0%,0,-
Ghost,S11,KR,SUPPORT,9,88.9%,8.1,3.8,1.6,8.8,1.6,338,81.4%,21,511,2.65,1.32,0.5,0.25,1119,-4,356,33.3%,0%,0,1
Gumayusi,S11,KR,ADC,53,54.7%,4.6,3.5,1.6,4,10.1,443,65.7%,26,451,1.44,0.61,0.44,0.23,302,7,104,20.8%,5.7%,1,3
Harp,S11,KR,SUPPORT,23,47.8%,2.5,0.4,3.1,7.5,1.1,220,59.9%,7,127,2.57,1.58,0.35,0.6,-118,0,-89,26.1%,13%,0,-
Hena,S11,KR,ADC,87,36.8%,3.5,2.7,2,4.2,9.9,419,70.9%,25.1,428,1.57,0.73,0.47,0.19,-10,-1,-36,14.9%,2.3%,0,3
HyBrid,S11,KR,ADC,35,40%,3.1,4.1,2.3,3.2,9.5,422,59.2%,21.2,370,1.28,0.46,0.44,0.1,-224,-2,4,20%,0%,0,8
Kellin,S11,KR,SUPPORT,101,49.5%,2.9,0.6,3,7.8,1.1,227,67.9%,7.6,149,2.85,1.91,0.39,0.54,47,0,-81,19.8%,13.9%,0,-
Keria,S11,KR,SUPPORT,102,58.8%,3.1,0.7,2.7,7.7,1.2,234,65.6%,7.8,148,2.68,1.88,0.38,0.66,140,2,83,23.5%,7.8%,0,1
Lehends,S11,KR,SUPPORT,88,46.6%,3,0.7,2.7,7.5,1.2,227,66.5%,7.5,138,2.82,1.68,0.42,0.54,30,-1,31,29.5%,5.7%,0,2
Leo,S11,KR,SUPPORT,2,50%,4.7,0.5,1.5,6.5,1.9,290,71.4%,23.5,376,3.19,1.6,0.78,0.41,364,-11,441,0%,50%,0,-
Life,S11,KR,SUPPORT,99,59.6%,3.1,0.5,2.5,7.3,1,226,58.9%,6.4,112,2.58,1.75,0.33,0.58,-139,-4,-228,28.3%,7.1%,0,-
Noah,S11,KR,SUPPORT,7,57.1%,6.3,2.4,1.7,8.3,2.5,330,81.9%,22.1,420,3.05,1.42,0.72,0.32,818,-0,388,42.9%,14.3%,0,-
Prince,S11,KR,ADC,74,48.6%,3.4,3.3,2.1,3.6,9.6,421,60.7%,24.6,455,1.43,0.64,0.43,0.18,-230,-2,-35,10.8%,9.5%,0,7
Route,S11,KR,ADC,11,27.3%,2.9,2.9,2.4,3.9,8.9,400,55.6%,19.1,341,1.25,0.52,0.36,0.21,-143,-3,-25,9.1%,0%,0,-
Ruler,S11,KR,SUPPORT,1,100%,8,5,2,11,2,336,84.2%,19,486,3.56,1.58,0.81,0.37,872,-14,169,0%,0%,0,-
Taeyoon,S11,KR,ADC,24,25%,2.4,2.5,2.4,3.4,9.7,409,59.3%,26.7,474,1.55,0.63,0.5,0.2,-80,-0,-204,16.7%,4.2%,0,6
Teddy,S11,KR,SUPPORT,9,55.6%,7.2,3.3,1.6,7.9,2.5,336,76.9%,24.6,499,3.08,1.66,0.67,0.3,1072,4,659,11.1%,0%,0,-
Vsta,S11,KR,SUPPORT,104,50%,2.9,0.6,3,8.1,1.1,227,64.1%,7.9,154,2.76,1.68,0.42,0.58,-120,-1,-12,21.2%,11.5%,0,5
Zzus,S11,KR,SUPPORT,61,39.3%,2.3,0.4,3.1,6.7,1.1,217,58.2%,6.1,103,2.62,1.69,0.38,0.57,-217,-2,-102,27.9%,14.8%,0,-
deokdam,S11,KR,SUPPORT,2,0%,0.9,0.5,4,3,1.1,245,70.8%,18.2,287,2.12,1.13,0.31,0.21,516,1,320,0%,0%,0,-
Delight,S11,KR,SUPPORT,87,36.8%,2.8,0.7,2.6,6.6,1.2,224,75%,7.5,125,2.8,1.74,0.45,0.57,8,1,73,24.1%,13.8%,0,-
Effort,S11,KR,SUPPORT,94,44.7%,2.1,0.6,3.4,6.6,1.1,223,63.2%,6.2,109,2.78,1.76,0.41,0.62,-160,-0,-108,21.3%,14.9%,0,1
Jun,S11,KR,SUPPORT,24,25%,2.2,0.7,3.1,6.2,1.3,229,71.6%,8.1,141,2.66,1.62,0.41,0.56,19,0,216,12.5%,8.3%,0,1
MapSSi,S11,KR,SUPPORT,1,0%,2.4,0,5,12,1.5,215,63.2%,12,301,2.48,1.77,0.42,0.55,-115,-2,360,0%,100%,0,-
Pleata,S11,KR,SUPPORT,70,35.7%,2.2,0.7,3.1,6.1,1.2,220,67.7%,6.8,127,2.67,1.74,0.4,0.53,-101,3,73,18.6%,7.1%,0,2
Burdol,S12,KR,TOP,51,62.7%,2.7,2.1,2.4,4.4,8,375,53.2%,23.2,416,1,0.35,0.24,0.22,-131,-2,126,13.7%,9.8%,0,19
Canna,S12,KR,TOP,83,36.1%,2.6,2.5,2.5,4.1,8.4,395,57.8%,27.4,508,1.01,0.39,0.19,0.2,182,2,97,19.3%,6%,0,26
Chovy,S12,KR,MID,88,78.4%,7.4,3.8,1.3,6,9.8,453,67.2%,27.5,598,1.75,0.54,0.47,0.14,461,12,381,20.5%,6.8%,0,30
Clear,S12,KR,TOP,1,100%,1.2,2,5,4,7.5,352,46.2%,26.7,678,0.88,0.3,0.3,0.24,-813,-13,-315,0%,0%,0,-
Clozer,S12,KR,MID,94,47.9%,3.3,2.7,2.3,4.8,8.9,397,67.2%,27.7,528,0.94,0.38,0.21,0.16,-192,-1,-86,22.3%,12.8%,0,18
DnDn,S12,KR,TOP,2,0%,0.6,0.5,2.5,1,8.2,332,50%,22.5,274,1.09,0.49,0.17,0.33,-902,-24,-514,0%,0%,0,-
Doran,S12,KR,TOP,92,77.2%,3.4,2.5,2.5,5.8,8.4,413,58.5%,24.5,523,1.06,0.4,0.21,0.22,245,3,100,20.7%,12%,0,33
Dove,S12,KR,MID,1,0%,1,2,3,1,8.4,356,75%,23,310,1.11,0.45,0.35,0.15,-465,6,562,0%,0%,0,-
Dread,S12,KR,JUNGLE,81,37%,3.1,2.5,2.5,5.2,5.3,319,68.9%,13,241,1.53,0.48,0.44,0.42,96,-1,-38,44.4%,9.9%,0,14
DuDu,S12,KR,TOP,89,27%,1.7,1.9,2.8,3,8.1,374,55%,26,435,0.96,0.34,0.23,0.2,-4,3,-27,14.6%,15.7%,0,31
Howling,S12,KR,TOP,4,0%,0.8,0.8,3.5,2,7.9,332,34.5%,24.9,361,0.75,0.28,0.17,0.13,-165,-8,-44,0%,0%,0,-
Hoya,S12,KR,TOP,9,44.4%,2,2.2,3.8,5.3,7.1,361,54.9%,20.4,363,1.26,0.47,0.31,0.35,-19,-3,-214,0%,33.3%,0,-
Kiin,S12,KR,TOP,92,39.1%,2.6,2,2.4,4.2,8.2,379,57.9%,26.6,459,1.18,0.42,0.28,0.23,41,4,95,22.8%,12%,0,13
Morgan,S12,KR,TOP,75,38.7%,2.4,1.8,2.3,3.7,8.3,379,53.4%,22,371,1.17,0.41,0.28,0.28,-180,-1,-155,13.3%,10.7%,0,15
Nuguri,S12,KR,TOP,45,62.2%,3.4,2.2,2.1,5,8,394,57.1%,23.9,513,1.14,0.35,0.29,0.21,458,5,294,24.4%,11.1%,0,15
Rascal,S12,KR,TOP,98,49%,2.8,2.6,2.6,4.7,8.5,397,60.5%,23,441,1.06,0.37,0.27,0.21,95,1,179,25.5%,12.2%,0,55
Soboro,S12,KR,TOP,2,0%,0.1,0.5,5.5,0,6.8,296,12.5%,26,365,0.54,0.28,0.05,0.05,-2815,-42,-2205,0%,100%,0,1
Sw0rd,S12,KR,TOP,12,25%,1.9,2,2.8,3.4,7.8,380,51.9%,25.1,478,1.08,0.41,0.25,0.26,-645,-16,-316,16.7%,8.3%,0,1
Zest,S12,KR,TOP,2,100%,2.8,2,2,3.5,9.4,422,41.5%,27.1,540,0.78,0.26,0.12,0.12,-769,-6,428,0%,50%,0,1
Zeus,S12,KR,TOP,102,74.5%,3.3,2.9,2.5,5.3,8.1,410,59.3%,26.1,542,1.03,0.36,0.21,0.18,405,7,158,18.6%,11.8%,0,36
kingen,S12,KR,TOP,104,50%,2.9,1.8,2.3,4.8,7.8,373,57.1%,24.9,499,1.05,0.38,0.25,0.21,-223,-3,-118,10.6%,12.5%,0,19
Canyon,S12,KR,JUNGLE,105,61%,4.1,2.4,2.2,6.4,5.6,337,69.8%,15.3,304,1.49,0.46,0.37,0.38,124,2,196,34.3%,7.6%,0,11
Croco,S12,KR,JUNGLE,95,47.4%,3,2.3,2.7,5.9,5.4,327,74.4%,14.5,272,1.48,0.34,0.46,0.26,-128,1,-83,38.9%,9.5%,0,14
Cuzz,S12,KR,JUNGLE,95,49.5%,3.7,2.2,2.3,6.2,5.4,325,67.7%,13.9,267,1.68,0.39,0.48,0.33,71,4,101,38.9%,6.3%,0,8
Ellim,S12,KR,JUNGLE,92,39.1%,2.6,1.9,2.7,5.3,4.5,292,68.1%,11.6,205,1.58,0.53,0.42,0.44,-383,-12,-380,35.9%,16.3%,0,5
GIDEON,S12,KR,JUNGLE,3,33.3%,2.3,2,2.3,3.3,5.8,325,50.5%,11.6,194,1.5,0.54,0.4,0.32,-745,10,143,0%,0%,0,1
Guwon,S12,KR,JUNGLE,2,0%,3.2,4,2.5,4,5.3,325,84.5%,22.9,327,1.47,0.37,0.49,0.42,598,2,453,100%,0%,0,-
HamBak,S12,KR,JUNGLE,4,0%,1.7,2.5,3.8,3.8,5.4,310,90.8%,16,232,1.3,0.52,0.36,0.51,-471,-13,-533,0%,50%,0,-
Juhan,S12,KR,JUNGLE,9,66.7%,3.7,2.2,2.6,7.1,4.5,307,58.9%,10.9,242,1.64,0.52,0.47,0.49,-108,-4,-188,44.4%,22.2%,0,1
Listo,S12,KR,JUNGLE,2,0%,0.9,1.5,3.5,1.5,5.1,290,75%,20,275,1.05,0.46,0.23,0.43,-2231,-32,-2124,0%,0%,0,1
OnFleek,S12,KR,JUNGLE,81,28.4%,1.8,1.6,3.2,4.2,5.6,317,66.5%,14.3,245,1.78,0.45,0.56,0.35,-164,-2,-125,28.4%,11.1%,0,6
Oner,S12,KR,JUNGLE,102,74.5%,5,3.2,2,6.8,5.8,361,72.6%,14.2,298,1.39,0.38,0.37,0.26,405,5,222,47.1%,7.8%,0,21
Peach,S12,KR,JUNGLE,1,100%,4.5,1,2,8,5.5,336,69.2%,7.8,198,1.62,0.47,0.67,0.2,-639,-25,-934,0%,0%,0,-
Peanut,S12,KR,JUNGLE,91,78%,5.3,2.7,1.8,6.8,5.8,349,67.4%,11.8,253,1.58,0.45,0.42,0.32,185,4,186,42.9%,4.4%,0,10
Pyosik,S12,KR,JUNGLE,95,48.4%,3,2.4,2.6,5.6,5.4,322,68.9%,12.3,247,1.52,0.49,0.44,0.43,-93,-0,-21,30.5%,10.5%,0,10
Raptor,S12,KR,JUNGLE,5,60%,3.7,2.4,2.4,6.4,5.4,329,72.6%,15.5,283,1.53,0.42,0.41,0.39,475,4,367,40%,20%,0,-
Sylvie,S12,KR,JUNGLE,6,0%,1.6,1.8,3,2.8,5.1,312,83.3%,14.7,203,1.13,0.33,0.33,0.42,-35,-2,106,33.3%,0%,0,-
UmTi,S12,KR,JUNGLE,82,35.4%,2.8,1.8,2.5,5.1,5.2,308,71.1%,13.4,223,1.59,0.5,0.48,0.43,-62,-1,-63,45.1%,8.5%,0,3
Willer,S12,KR,JUNGLE,6,16.7%,1.8,1.3,3,4.2,5.2,295,66.8%,10.8,179,1.6,0.51,0.47,0.43,-127,-1,-1,16.7%,16.7%,0,1
YoungJae,S12,KR,JUNGLE,5,40%,2.1,1.6,3.8,6.2,5.3,306,56.2%,10.1,244,1.57,0.57,0.36,0.48,-701,-2,-236,40%,0%,0,-
Aria,S12,KR,MID,38,39.5%,3.4,2.2,2,4.8,8.3,375,61%,23.4,421,1.54,0.69,0.35,0.32,-296,-11,-178,21.1%,5.3%,0,5
Bdd,S12,KR,MID,82,35.4%,3.2,2.5,2.2,4.7,8.5,381,62.6%,26.6,492,1.16,0.51,0.24,0.26,-81,-2,-110,14.6%,9.8%,1,10
FATE,S12,KR,MID,92,39.1%,4.6,2.4,1.6,5.1,8.7,385,69.5%,26.1,460,1.26,0.51,0.29,0.24,-31,1,-62,20.7%,8.7%,0,22
FIESTA,S12,KR,MID,5,20%,1.1,0.8,3.8,3.4,8.3,349,55.3%,23.8,402,1.08,0.42,0.25,0.22,-403,-5,-39,0%,20%,0,-
Faker,S12,KR,MID,102,74.5%,4.4,2.8,1.9,5.6,8.5,407,62%,24.6,507,1.32,0.51,0.29,0.19,69,-2,-138,20.6%,7.8%,0,19
Feisty,S12,KR,MID,2,0%,1.2,1,2.5,2,8.2,348,75%,24.7,351,0.77,0.46,0.18,0.2,-1757,-19,-614,0%,0%,0,1
Karis,S12,KR,MID,89,27%,2.5,1.9,2.4,4.1,7.9,355,63.7%,25.3,430,1.03,0.43,0.26,0.21,-274,-5,-64,13.5%,11.2%,0,17
Lava,S12,KR,MID,87,36.8%,3.5,2.8,2.1,4.6,8.9,401,70.6%,30.5,521,1.23,0.46,0.32,0.18,76,-2,38,23%,6.9%,0,18
Ophelia,S12,KR,ADC,5,40%,3.4,3,1.8,3.2,9.2,405,61.5%,30.9,520,0.96,0.45,0.25,0.21,26,-4,382,0%,0%,0,3
Quid,S12,KR,MID,5,40%,2.4,3.2,3,4,8.7,381,59%,27,518,1.02,0.43,0.19,0.16,-544,-14,-390,20%,0%,0,1
SeTab,S12,KR,MID,1,100%,4.5,4,2,5,8.4,411,69.2%,31.2,795,0.77,0.51,0.13,0.2,617,15,280,100%,0%,0,1
ShowMaker,S12,KR,MID,105,61%,4.9,2.8,1.7,5.3,8.6,397,64.5%,23.8,471,1.45,0.52,0.35,0.24,100,1,70,21.9%,5.7%,0,13
Ten10,S12,KR,MID,4,0%,1.4,0.8,3.5,4.3,7.5,319,73.3%,22.2,316,1.59,0.74,0.41,0.35,-250,-8,-103,0%,25%,0,-
Vicla,S12,KR,MID,60,55%,3.7,2.6,2.4,6.4,8.7,396,67.5%,26.4,533,1.12,0.53,0.24,0.31,14,-1,96,18.3%,10%,0,10
Zeka,S12,KR,MID,104,50%,4.1,3,1.9,4.9,9,409,66.3%,26.4,540,1.12,0.42,0.26,0.19,82,4,20,18.3%,6.7%,0,27
Aiming,S12,KR,SUPPORT,3,33.3%,2.8,0.3,2,5.3,2.4,308,93.3%,25.9,404,4.07,2.25,0.87,0.27,940,-6,172,33.3%,0%,0,-
BeryL,S12,KR,SUPPORT,96,51%,2.6,0.6,3.2,7.8,1.1,234,70.9%,7.3,144,2.78,1.69,0.46,0.53,64,3,140,28.1%,14.6%,0,4
Cheoni,S12,KR,ADC,18,11.1%,2,2.1,2.3,2.7,9.2,393,64%,25.1,364,1.06,0.43,0.27,0.16,-602,-11,-424,22.2%,27.8%,0,1
Deft,S12,KR,SUPPORT,8,37.5%,3.4,1.5,2.8,7.8,2.1,298,81.8%,21.9,478,3.14,1.37,0.79,0.26,670,4,312,0%,25%,0,-
Effort,S12,KR,SUPPORT,32,28.1%,2,0.6,3.8,6.8,1,220,65.2%,6.4,117,2.84,1.91,0.4,0.58,-118,3,-140,18.8%,12.5%,0,-
Envyy,S12,KR,ADC,9,22.2%,1.9,2.1,2.7,3,9.2,386,57.1%,24.9,403,0.86,0.4,0.26,0.12,-755,-5,-274,11.1%,11.1%,0,-
Gamin,S12,KR,ADC,5,0%,0.8,1.2,3.8,2,8.4,362,47.6%,16.8,231,0.98,0.37,0.3,0.09,-1278,-17,-727,40%,20%,0,-
Ghost,S12,KR,SUPPORT,10,20%,1.5,0.7,3.5,4.6,1.4,237,61.4%,9.9,175,2.84,1.58,0.6,0.39,80,4,192,40%,10%,0,1
Gumayusi,S12,KR,SUPPORT,5,100%,10.1,2.4,1.4,11.8,1.6,331,80%,17.3,386,3.43,1.4,0.94,0.33,715,-4,206,40%,40%,0,2
Hans SamD,S12,KR,SUPPORT,3,33.3%,2.9,0.3,2.3,6.3,2.4,291,65.3%,14.2,280,3.2,1.28,0.87,0.38,657,4,736,0%,33.3%,0,-
Hena,S12,KR,ADC,84,38.1%,3.6,2.9,2,4.1,9.6,423,68.5%,26.6,461,1.32,0.5,0.41,0.17,-142,-3,-9,28.6%,2.4%,0,6
Hoit,S12,KR,SUPPORT,69,42%,3,0.7,2.5,6.7,1.1,224,65%,7,121,2.93,1.79,0.45,0.56,-72,1,108,17.4%,8.7%,0,1
Ice,S12,KR,SUPPORT,1,0%,0,0,1,0,1.8,240,0%,15.7,246,1.78,0.8,0.35,0.24,-852,19,638,0%,0%,0,-
Kael,S12,KR,SUPPORT,96,46.9%,2.8,0.5,2.9,7.7,1,229,73.7%,7.4,138,2.71,1.7,0.36,0.51,-197,2,-190,28.1%,6.3%,0,-
Kellin,S12,KR,SUPPORT,99,62.6%,5,0.7,1.9,8.6,0.8,238,73.8%,9.2,180,2.84,1.89,0.34,0.52,183,-1,-17,27.3%,11.1%,0,2
Keria,S12,KR,SUPPORT,97,73.2%,4.2,0.6,2.2,8.9,1,247,68.8%,8.8,183,2.7,1.85,0.33,0.56,91,-1,37,41.2%,5.2%,0,1
Lehends,S12,KR,SUPPORT,87,78.2%,4.5,0.6,2.2,9.3,0.8,242,68.1%,7.8,168,2.71,1.68,0.32,0.49,0,-2,14,27.6%,16.1%,0,1
Life,S12,KR,SUPPORT,95,49.5%,3.4,0.8,2.6,8,0.8,234,70.6%,8.5,162,2.83,1.85,0.36,0.45,-106,-4,-41,21.1%,11.6%,0,2
Moham,S12,KR,SUPPORT,15,26.7%,2.2,0.9,2.7,5.3,0.8,219,67.5%,7.3,118,2.6,1.8,0.35,0.54,-86,5,-296,40%,13.3%,0,-
Prince,S12,KR,ADC,58,58.6%,5.3,4.9,1.8,4.5,10.2,472,70.2%,29,606,1.52,0.67,0.45,0.15,333,5,327,29.3%,3.4%,1,5
Ruler,S12,KR,SUPPORT,4,75%,9.3,2.5,1,6.8,2.1,329,72.9%,21.2,431,3.79,1.47,1.07,0.33,904,8,378,50%,0%,0,-
Taeyoon,S12,KR,ADC,1,0%,0.3,1,4,0,8.2,349,25%,22.7,309,1.13,0.43,0.35,0.2,-560,-1,-568,0%,0%,0,1
Teddy,S12,KR,SUPPORT,8,37.5%,6.9,1.1,1.1,6.6,2.2,285,71.3%,20.3,383,3.81,1.83,0.9,0.38,810,5,154,12.5%,12.5%,0,1
Vital,S12,KR,ADC,7,14.3%,1.9,2.1,2,1.7,9.8,404,50%,23.6,374,0.98,0.38,0.37,0.13,-802,-8,-442,14.3%,14.3%,0,1
Vsta,S12,KR,SUPPORT,81,27.2%,2.4,0.6,2.6,5.5,0.8,217,66.8%,9.6,159,2.51,1.67,0.3,0.52,-196,-3,-59,22.2%,7.4%,0,2
deokdam,S12,KR,SUPPORT,1,100%,2.8,5,6,12,1.5,292,85%,16.5,460,2.58,1.45,0.66,0.28,523,1,-81,0%,100%,0,-
Baut,S12,KR,SUPPORT,5,20%,2.1,0.4,3,5.8,1.1,222,61.4%,6.7,109,2.51,1.78,0.29,0.56,116,-1,551,20%,40%,0,-
Bible,S12,KR,SUPPORT,5,20%,1.6,0.4,4.6,7,0.9,217,59.9%,6.5,130,2.24,1.61,0.28,0.47,24,-1,146,40%,20%,0,-
Delight,S12,KR,SUPPORT,87,36.8%,2.5,0.6,2.8,6.4,1.2,226,71%,7.2,122,3.04,1.83,0.5,0.57,-30,2,-17,35.6%,16.1%,0,-
Dispel,S12,KR,SUPPORT,1,0%,1.5,0,6,9,1,208,81.8%,6.8,124,2.27,2.03,0.36,0.91,-32,-4,-492,0%,0%,0,-
Jun,S12,KR,SUPPORT,1,100%,11,1,1,10,0.8,269,84.6%,5.8,149,2.43,1.38,0.51,0.4,123,-11,-484,0%,0%,0,-
Loopy,S12,KR,SUPPORT,2,0%,0.4,0.5,5,1.5,1.5,216,50%,12.7,182,1.46,0.66,0.2,0.28,-640,-0,-868,0%,0%,0,-
Lospa,S12,KR,SUPPORT,5,40%,2.2,1.2,4,7.6,0.7,226,62.1%,5.4,119,2.17,1.68,0.12,0.59,-155,-2,-23,40%,40%,0,-
Peter,S12,KR,SUPPORT,25,44%,3,0.6,2.6,7.2,0.8,226,66.3%,9.2,155,2.49,1.64,0.3,0.51,-1,-3,-47,32%,8%,0,-
Prove,S12,KR,SUPPORT,2,0%,1.3,0.5,4.5,5.5,1.5,226,67.5%,11.5,177,2.89,1.85,0.55,0.71,152,12,168,50%,0%,0,-
SnowFlower,S12,KR,SUPPORT,19,42.1%,3.1,0.6,2.8,8.3,1,227,70.7%,7.5,156,2.57,1.55,0.36,0.49,58,1,100,21.1%,10.5%,0,-
Burdol,S13,KR,TOP,74,41.9%,2.3,1.9,2.4,3.5,8.3,374,46.5%,22.3,438,1.06,0.34,0.2,0.22,-395,-7,-283,13.5%,10.8%,0,23
Canna,S13,KR,TOP,95,61.1%,3.4,2.2,2,4.3,8.3,389,51.6%,20.8,470,1.08,0.37,0.17,0.23,141,2,78,17.9%,13.7%,0,24
Clear,S13,KR,TOP,17,41.2%,2.7,1.8,2.5,5.2,8.3,377,52.7%,21.9,447,0.98,0.34,0.22,0.18,-105,-6,89,17.6%,17.6%,0,2
DnDn,S13,KR,TOP,85,25.9%,1.7,1.5,2.8,3.4,8.2,362,49%,23.4,439,1.09,0.45,0.15,0.29,-525,-8,-258,10.6%,17.6%,0,18
Doran,S13,KR,TOP,109,74.3%,3.7,2.4,2.2,5.8,8.3,411,56.8%,22.8,506,1.08,0.37,0.19,0.22,277,3,124,23.9%,13.8%,0,36
DuDu,S13,KR,TOP,83,32.5%,2.2,2.2,2.4,3.1,8.8,393,56.7%,22.6,477,0.99,0.27,0.19,0.13,134,6,49,13.3%,10.8%,0,22
Kiin,S13,KR,TOP,117,69.2%,4.5,2.3,1.6,5.1,8.6,405,55.1%,23.1,467,1.13,0.39,0.2,0.19,204,4,198,19.7%,9.4%,0,24
Morgan,S13,KR,TOP,89,31.5%,1.9,1.7,2.3,2.8,8.7,380,51.5%,23.3,426,1.18,0.33,0.26,0.24,-52,-1,-141,19.1%,14.6%,0,13
PerfecT,S13,KR,TOP,1,100%,13,2,1,11,8.5,398,56.5%,19.2,469,1.2,0.5,0.17,0.31,651,24,744,0%,0%,0,-
Rascal,S13,KR,TOP,93,30.1%,1.7,1.9,3.1,3.2,8.2,377,57.4%,22.8,448,1.05,0.32,0.23,0.18,-197,-5,-225,19.4%,18.3%,0,28
Zeus,S13,KR,TOP,120,61.7%,3.1,2.5,2.4,4.7,8.4,402,56.3%,23.2,514,1.13,0.38,0.16,0.22,256,7,189,15.8%,16.7%,0,36
kingen,S13,KR,TOP,115,53%,2.9,1.7,2,4.2,8.2,384,50.7%,21.8,443,1.09,0.41,0.18,0.26,-98,-4,31,15.7%,10.4%,0,21
Canyon,S13,KR,JUNGLE,95,61.1%,4.5,2,1.9,6.8,5.8,341,70%,13.9,309,1.81,0.46,0.42,0.37,227,1,157,40%,5.3%,0,9
Clid,S13,KR,JUNGLE,72,54.2%,2.8,1.8,2.5,4.9,5.4,327,65.4%,13.5,280,1.97,0.45,0.5,0.38,-15,-2,20,37.5%,12.5%,0,12
Croco,S13,KR,JUNGLE,60,25%,2.1,1.7,3.1,4.9,5.1,308,71.6%,14.7,310,1.62,0.35,0.4,0.34,-334,-7,-247,28.3%,13.3%,0,3
Cuzz,S13,KR,JUNGLE,117,69.2%,5.1,2.4,1.9,7,5.8,345,72.5%,15.1,303,1.95,0.37,0.53,0.33,53,3,101,37.6%,8.5%,0,12
Grizzly,S13,KR,JUNGLE,43,51.2%,3,1.9,2.9,6.8,5.4,332,71.2%,13.2,278,1.43,0.39,0.32,0.38,60,1,62,25.6%,11.6%,0,-
HamBak,S13,KR,JUNGLE,1,100%,17,2,1,15,6.1,369,73.9%,13.8,336,2,0.53,0.64,0.5,228,5,361,0%,0%,0,1
Juhan,S13,KR,JUNGLE,33,39.4%,2.1,1.2,2.9,5.1,5.2,312,68.2%,13.7,245,1.86,0.48,0.44,0.42,-130,-5,-185,24.2%,24.2%,0,-
Oner,S13,KR,JUNGLE,120,61.7%,3.7,2.6,2.5,6.5,5.4,348,74.5%,14.7,328,1.82,0.4,0.44,0.31,126,-1,-51,40.8%,8.3%,0,15
Peanut,S13,KR,JUNGLE,109,74.3%,4.9,2.4,2,7.3,5.9,354,69.1%,14.6,325,1.72,0.35,0.47,0.25,210,2,167,44%,3.7%,0,13
Sylvie,S13,KR,JUNGLE,85,25.9%,2.2,1.8,2.8,4.5,5.3,317,69.4%,13.9,265,1.75,0.45,0.46,0.4,-196,-3,-148,23.5%,9.4%,0,5
UmTi,S13,KR,JUNGLE,89,31.5%,2.5,1.4,2.5,5,5.4,315,77.1%,15.5,287,1.82,0.4,0.5,0.34,-61,1,-15,43.8%,10.1%,0,7
Willer,S13,KR,JUNGLE,91,41.8%,3.2,2.1,2.4,5.6,5.6,328,68.8%,13.3,268,1.92,0.5,0.47,0.46,-212,1,-89,33%,11%,0,9
YoungJae,S13,KR,JUNGLE,83,32.5%,2.8,1.6,2.3,4.9,5.6,321,72.2%,13.7,282,1.82,0.45,0.45,0.45,-20,2,-6,22.9%,7.2%,0,5
Bdd,S13,KR,MID,117,69.2%,5.5,3.1,1.6,5.8,8.7,406,68.2%,25.4,512,1.11,0.39,0.19,0.2,131,-1,-83,24.8%,7.7%,0,18
Bulldog,S13,KR,MID,83,32.5%,2.2,2,2.6,3.8,9,393,64.3%,28.4,581,1.15,0.4,0.22,0.24,-38,-4,-102,16.9%,10.8%,0,12
Callme,S13,KR,MID,4,50%,4.4,3.3,1.8,4.5,8.7,394,69.7%,28.5,551,0.97,0.25,0.21,0.08,-838,-8,-152,25%,0%,0,-
Chovy,S13,KR,MID,109,74.3%,6.5,3.3,1.4,6.2,9.2,429,68%,27.1,611,1.62,0.43,0.4,0.18,277,7,156,21.1%,7.3%,0,26
Clozer,S13,KR,MID,91,41.8%,2.7,2.6,2.6,4.2,9.4,404,62.9%,27.4,538,1.08,0.35,0.25,0.2,52,4,139,19.8%,11%,0,19
FATE,S13,KR,MID,84,32.1%,2.8,2.3,2.1,3.5,8.8,382,61.5%,28.2,564,1.16,0.37,0.23,0.22,-214,-2,-135,8.3%,6%,0,10
FIESTA,S13,KR,MID,69,24.6%,2.2,2.3,2.9,4.1,8.4,377,62.6%,27.8,543,1.27,0.41,0.26,0.27,-119,-3,-73,21.7%,10.1%,0,14
Faker,S13,KR,MID,102,68.6%,3.5,2.7,2.4,5.6,8.4,401,63.1%,25.9,592,1.14,0.37,0.24,0.17,35,1,-25,18.6%,8.8%,0,19
Feisty,S13,KR,MID,1,100%,9.5,6,2,13,9.2,493,82.6%,32.1,781,1.14,0.53,0.14,0.33,880,15,1059,0%,0%,0,-
Ivory,S13,KR,MID,10,30%,1.4,1.2,2.9,3,9,368,53.6%,25.1,468,1.15,0.52,0.21,0.22,-645,-15,-406,10%,0%,0,1
Karis,S13,KR,MID,79,31.6%,2.9,2.4,2,3.4,8.8,386,66.3%,26.9,496,1.05,0.3,0.25,0.21,-217,-4,-68,15.2%,11.4%,0,14
Kyeahoo,S13,KR,MID,9,11.1%,1.6,1.7,2.7,2.6,7.5,325,56.5%,19.3,382,1.22,0.56,0.21,0.25,-795,-8,-125,0%,22.2%,0,1
Poby,S13,KR,MID,18,22.2%,1.6,1.8,3.2,3.3,9,390,64.5%,24.4,479,1.1,0.42,0.27,0.24,-193,-7,-144,16.7%,0%,0,1
Quad,S13,KR,MID,12,25%,1.6,1.1,2.3,2.6,8,348,58.7%,23.2,385,1.19,0.53,0.21,0.27,-427,-13,-464,16.7%,16.7%,0,4
ShowMaker,S13,KR,MID,95,61.1%,5.1,3.2,1.6,5.1,8.9,409,63.6%,27,605,1.32,0.42,0.3,0.26,56,2,105,17.9%,8.4%,1,18
Zeka,S13,KR,MID,115,53%,3.7,3.2,2,4.2,9.5,422,63.8%,26.8,549,1.24,0.42,0.26,0.23,106,3,137,20%,7%,0,29
Aiming,S13,KR,ADC,117,69.2%,7.1,4.6,1.3,4.6,10.3,481,69.6%,29.3,595,1.47,0.41,0.42,0.13,193,0,248,21.4%,3.4%,0,13
Deft,S13,KR,ADC,92,62%,5.2,4.3,1.8,4.8,9.8,457,70.7%,30.1,677,1.45,0.46,0.39,0.17,334,5,179,30.4%,7.6%,0,3
Envyy,S13,KR,ADC,51,49%,3.1,3.1,2.2,3.6,9.5,417,63.6%,27.7,543,1.11,0.37,0.3,0.17,-20,5,128,27.5%,11.8%,0,4
Gumayusi,S13,KR,ADC,120,61.7%,4.5,4.2,2,4.8,10.3,470,69.5%,27.5,620,1.4,0.44,0.42,0.18,302,9,46,20.8%,6.7%,1,10
Hena,S13,KR,ADC,89,31.5%,2.8,2.6,2,2.9,9.6,411,64%,27.6,519,1.4,0.44,0.44,0.16,-250,-6,-117,28.1%,3.4%,0,5
Hype,S13,KR,ADC,1,100%,7.3,10,3,12,9.6,510,95.7%,29.2,711,1.67,0.44,0.44,0.11,-137,-16,-275,0%,100%,0,-
Jiwoo,S13,KR,ADC,36,30.6%,2.4,3.8,3.1,3.8,10.1,442,72.2%,29,581,1.27,0.4,0.45,0.15,-294,-6,-130,38.9%,19.4%,0,5
Paduck,S13,KR,ADC,49,32.7%,2.5,2.9,2.6,3.6,9.2,412,60.7%,27.8,562,1.28,0.49,0.35,0.18,-372,-9,-319,12.2%,8.2%,0,2
Peyz,S13,KR,ADC,109,74.3%,6.3,5.4,1.6,4.6,10.2,475,69.8%,27.8,633,1.43,0.45,0.43,0.14,174,0,64,28.4%,3.7%,3,9
Pleata,S13,KR,ADC,6,16.7%,2.1,3.2,2.5,2.2,8.4,385,70.2%,23.1,433,1.03,0.25,0.22,0.16,-709,-17,-345,33.3%,0%,0,1
Rahel,S13,KR,ADC,3,33.3%,2.2,2.3,1.7,1.3,10.1,442,59.8%,24.6,448,1.9,0.45,0.65,0.2,-387,2,-445,33.3%,0%,0,-
Taeyoon,S13,KR,ADC,83,32.5%,2.1,2.8,3,3.4,9.7,418,66.1%,25.7,537,1.41,0.42,0.46,0.18,-175,-1,-194,18.1%,10.8%,1,8
Teddy,S13,KR,ADC,40,32.5%,3,4,2.8,4.4,9.9,433,66.4%,28.9,588,1.61,0.65,0.45,0.19,-132,3,80,20%,5%,0,7
Viper,S13,KR,ADC,115,53%,4.7,3.6,1.7,4.1,10.2,450,67.4%,30.2,626,1.51,0.51,0.43,0.2,92,4,14,20%,10.4%,1,4
Vital,S13,KR,ADC,49,22.4%,2.6,2.6,2.2,2.9,9.7,410,61.6%,28.2,533,1.24,0.33,0.41,0.14,-423,-12,-258,16.3%,6.1%,0,3
deokdam,S13,KR,ADC,38,28.9%,2.3,2.2,2.3,3,8.9,395,60%,24.7,493,1.34,0.39,0.36,0.18,-549,-12,-160,7.9%,18.4%,0,-
Andil,S13,KR,SUPPORT,20,10%,1.3,0.5,3.6,4.4,1.1,215,64.9%,6.6,127,2.83,1.57,0.29,0.47,-20,2,287,30%,25%,0,-
BeryL,S13,KR,SUPPORT,93,30.1%,1.8,0.4,3.3,5.7,1.2,231,65.4%,9.3,183,3.13,1.44,0.51,0.48,-126,1,10,12.9%,11.8%,0,4
Bible,S13,KR,SUPPORT,13,61.5%,2.8,0.9,3.3,8.4,1.1,238,61.9%,4.8,113,3.28,1.87,0.38,0.59,55,1,173,15.4%,23.1%,0,1
Delight,S13,KR,SUPPORT,109,74.3%,5.7,0.7,1.9,9.8,1.1,255,74.6%,7.6,172,3.28,1.49,0.39,0.42,141,3,134,35.8%,9.2%,0,1
Effort,S13,KR,SUPPORT,89,31.5%,2.5,0.4,2.4,5.6,1,226,68.5%,6.9,125,3.27,1.53,0.41,0.54,-32,2,-115,33.7%,11.2%,0,-
Jun,S13,KR,SUPPORT,42,38.1%,2.6,0.5,2.7,6.4,0.9,235,68.8%,10.9,223,3.4,1.31,0.39,0.48,30,-2,146,19%,14.3%,0,-
Kael,S13,KR,SUPPORT,91,41.8%,3,0.7,2.6,7.3,0.9,234,72.1%,8.9,177,3.4,1.62,0.45,0.56,-37,-2,-147,27.5%,7.7%,0,-
Kellin,S13,KR,SUPPORT,82,61%,6.2,0.7,1.5,9,0.8,244,76.7%,8.9,195,3.3,1.66,0.39,0.49,163,-3,-52,40.2%,3.7%,0,4
Keria,S13,KR,SUPPORT,120,61.7%,4.4,0.8,2.2,8.9,1,255,75.7%,8.9,204,3.15,1.67,0.37,0.52,244,0,129,25.8%,7.5%,0,2
Lehends,S13,KR,SUPPORT,117,69.2%,4.3,0.5,2.1,8.4,1,240,69.2%,7.2,142,3.01,1.61,0.36,0.51,-81,0,-44,29.1%,15.4%,0,1
Life,S13,KR,SUPPORT,115,53%,3.2,0.7,2.5,7.3,0.9,238,71.4%,7.9,157,3.16,1.67,0.38,0.48,-72,-2,-33,24.3%,11.3%,0,4
Moham,S13,KR,SUPPORT,21,42.9%,2.7,0.4,2.8,7.1,0.9,227,73.6%,9.9,200,3.04,1.72,0.47,0.51,-310,1,13,14.3%,23.8%,0,1
Peter,S13,KR,SUPPORT,85,25.9%,3.1,0.6,2.3,6.6,0.9,224,74.9%,6.9,129,2.92,1.51,0.33,0.48,-206,0,-112,27.1%,8.2%,0,1
Way,S13,KR,SUPPORT,1,100%,4,3,4,13,1.1,275,69.6%,5.7,139,3.81,1.89,0.47,0.61,326,3,832,0%,0%,0,-
Casting,S14,KR,TOP,3,0%,1.4,2.3,3,2,8.2,403,57.9%,27.2,591,1.06,0.54,0.11,0.26,964,4,97,66.7%,0%,0,-
Clear,S14,KR,TOP,91,37.4%,2.5,2.4,2.7,4.4,8.3,386,57.7%,21.5,489,0.97,0.32,0.21,0.16,-92,-5,-134,9.9%,9.9%,0,27
DnDn,S14,KR,TOP,55,30.9%,1.7,1.6,2.8,3.1,8.5,377,45.5%,20.5,434,1.15,0.55,0.16,0.29,-234,-4,-149,18.2%,14.5%,0,15
Doran,S14,KR,TOP,112,69.6%,3.2,2.5,2.6,5.9,8,392,58.1%,21.8,536,1.13,0.42,0.22,0.21,114,1,119,22.3%,13.4%,0,27
DuDu,S14,KR,TOP,90,43.3%,2.8,2.5,2.4,4,8.9,400,56.6%,20.9,484,0.93,0.3,0.18,0.14,29,3,40,11.1%,15.6%,0,22
Frog,S14,KR,TOP,21,38.1%,2.2,1.2,2.7,4.6,7.6,343,54.9%,17.9,380,0.99,0.4,0.16,0.21,-562,-13,-324,9.5%,19%,0,3
Kiin,S14,KR,TOP,103,83.5%,4.4,2.8,2,6,8.1,405,58.4%,21,554,1.18,0.42,0.22,0.18,366,9,292,20.4%,11.7%,0,32
Mihile,S14,KR,TOP,29,34.5%,1.9,1.9,3,4,8.3,376,54.4%,19.9,483,1.09,0.36,0.23,0.18,-462,-6,-99,6.9%,17.2%,0,5
Morgan,S14,KR,TOP,82,19.5%,1.9,2.1,3,3.6,8.3,371,57.4%,22.5,487,1.07,0.35,0.24,0.23,-175,-3,-205,17.1%,13.4%,0,10
PerfecT,S14,KR,TOP,102,53.9%,3,2.2,2.5,5.1,7.8,371,50.5%,19.5,465,1.19,0.46,0.2,0.25,-143,-2,-58,8.8%,11.8%,0,22
Rascal,S14,KR,TOP,62,21%,1.6,1.7,2.9,2.9,8.2,366,55.1%,19.4,407,1.15,0.39,0.24,0.19,-274,-10,-190,17.7%,12.9%,0,9
Zeus,S14,KR,TOP,124,62.1%,2.9,3,2.7,4.5,8.5,412,56.5%,22.5,552,1.08,0.37,0.19,0.17,332,8,76,13.7%,12.1%,1,44
kingen,S14,KR,TOP,116,53.4%,2.9,2.4,2.5,4.9,8,385,53%,22.1,519,1.15,0.41,0.23,0.22,-41,0,69,22.4%,9.5%,0,25
Canyon,S14,KR,JUNGLE,103,83.5%,6.2,2.2,1.8,8.9,6.2,359,72.1%,14.9,400,1.69,0.5,0.38,0.34,102,3,197,26.2%,7.8%,0,5
Cuzz,S14,KR,JUNGLE,90,43.3%,2.9,1.9,2.8,6.3,6.5,341,73.9%,16.5,394,1.84,0.43,0.49,0.3,-25,3,77,24.4%,7.8%,0,4
DDoiV,S14,KR,JUNGLE,10,30%,2.3,1.2,2.8,5.1,5.5,309,68.6%,15.7,335,1.67,0.46,0.41,0.38,-230,-8,-388,40%,10%,0,-
GIDEON,S14,KR,JUNGLE,37,21.6%,2.4,1.3,2.9,5.8,5.6,308,73.2%,12.9,269,1.54,0.38,0.42,0.32,-16,2,88,24.3%,10.8%,0,4
Guwon,S14,KR,JUNGLE,2,100%,7.8,4.5,2,11,5.5,378,69%,13.2,382,1.39,0.34,0.29,0.36,166,-12,100,100%,0%,0,-
Lucid,S14,KR,JUNGLE,116,53.4%,4.3,2,2.3,7.7,5.7,333,71.7%,12.5,297,1.66,0.5,0.4,0.45,49,-3,-58,45.7%,6%,0,7
Oner,S14,KR,JUNGLE,122,61.5%,3.8,2.4,2.4,6.8,6.4,357,68%,14.9,365,1.67,0.41,0.43,0.28,80,6,156,37.7%,13.9%,0,15
Peanut,S14,KR,JUNGLE,112,69.6%,5.3,2.2,2,8.5,6.1,349,74.6%,13.3,326,1.76,0.42,0.46,0.28,132,0,78,42.9%,9.8%,0,8
Pyosik,S14,KR,JUNGLE,105,52.4%,4.2,2.3,2.3,7.4,5.8,337,72.6%,13.4,322,1.69,0.5,0.4,0.37,-61,-3,-136,40%,6.7%,1,5
Raptor,S14,KR,JUNGLE,48,37.5%,3,2.3,2.9,6.2,6.1,341,74.5%,18.6,448,1.57,0.35,0.44,0.29,-115,-1,-68,18.8%,12.5%,0,2
Sponge,S14,KR,JUNGLE,83,25.3%,1.9,1.5,3.4,4.8,5.8,314,73%,14.5,308,1.5,0.4,0.39,0.32,-81,-1,-133,34.9%,9.6%,0,4
Sylvie,S14,KR,JUNGLE,84,32.1%,2.4,1.6,2.9,5.5,5.7,318,72%,14.1,317,1.63,0.45,0.4,0.39,-170,-6,-176,33.3%,6%,0,6
Willer,S14,KR,JUNGLE,43,37.2%,3.4,2.4,2.4,5.8,6.1,337,70.4%,15,320,1.9,0.56,0.51,0.43,162,5,145,37.2%,2.3%,0,5
YoungJae,S14,KR,JUNGLE,35,14.3%,3.2,2,2.4,5.9,6.3,331,75%,19,426,1.81,0.58,0.41,0.38,-288,-7,-306,31.4%,5.7%,0,2
Bdd,S14,KR,MID,105,52.4%,4.7,3.9,2.1,6,9.1,419,70.7%,28.6,677,1.19,0.44,0.25,0.22,49,1,4,20%,8.6%,1,15
Bulldog,S14,KR,MID,90,43.3%,3,2.8,2.5,4.6,9.3,416,68.8%,28.8,669,1.35,0.49,0.29,0.23,-188,-4,-89,14.4%,12.2%,1,8
Calix,S14,KR,MID,8,25%,1.7,1.6,2.8,3.1,9,377,63.3%,23.9,548,0.77,0.35,0.14,0.15,-593,-11,-280,25%,0%,0,-
Callme,S14,KR,MID,36,33.3%,2.1,2.3,3.4,4.7,9,400,72.5%,29.2,617,1.29,0.41,0.33,0.21,-132,-5,-12,19.4%,19.4%,0,5
Chovy,S14,KR,MID,103,83.5%,6.2,4.5,1.7,5.8,10.3,483,67.1%,29.9,801,1.71,0.5,0.49,0.18,410,10,296,9.7%,7.8%,0,24
Clozer,S14,KR,MID,91,37.4%,3.3,2.8,2.4,4.9,9.9,424,65.6%,27.3,616,1.23,0.49,0.29,0.19,-114,2,59,20.9%,11%,0,18
FATE,S14,KR,MID,19,21.1%,2.9,2.3,2.3,4.2,9,402,62.9%,28.4,627,1.18,0.42,0.27,0.17,-51,-5,-89,31.6%,0%,1,2
FIESTA,S14,KR,MID,7,14.3%,2.6,3.3,3,4.6,8.3,392,65%,28,599,1.55,0.68,0.37,0.33,-38,-3,-143,42.9%,0%,0,-
Faker,S14,KR,MID,124,62.1%,4,3.3,2.2,5.5,9.2,429,63.8%,26.3,642,1.23,0.45,0.26,0.14,62,1,5,21.8%,6.5%,0,28
Fisher,S14,KR,MID,33,36.4%,2.6,3.4,2.9,4.2,9.4,425,65.7%,29.6,690,1.1,0.45,0.24,0.21,-29,-1,-60,18.2%,18.2%,0,4
Karis,S14,KR,MID,57,19.3%,2.2,2.1,2.8,4.2,9.1,394,66.2%,26,543,1.07,0.32,0.29,0.2,-268,-2,-91,15.8%,10.5%,0,7
Kyeahoo,S14,KR,MID,49,28.6%,2.9,2.1,2.2,4.4,9,394,68.7%,28.2,590,1.12,0.41,0.25,0.18,-212,-6,-220,20.4%,16.3%,0,3
Pullbae,S14,KR,MID,6,16.7%,2.2,2.5,4,6.2,8.4,386,72.2%,26.3,685,1.23,0.54,0.28,0.21,-818,-9,-659,16.7%,33.3%,0,-
SeTab,S14,KR,MID,34,20.6%,1.9,2.1,2.8,3.2,8.9,394,65.1%,27.1,571,1.12,0.4,0.3,0.18,-300,-6,-220,26.5%,14.7%,0,5
ShowMaker,S14,KR,MID,116,53.4%,4.2,3.5,2.1,5.5,8.8,416,67.4%,27.4,644,1.39,0.5,0.31,0.22,8,-2,20,25%,8.6%,2,24
Zeka,S14,KR,MID,112,69.6%,6,4.4,1.7,5.6,9.5,447,67.6%,27.5,669,1.39,0.53,0.32,0.22,212,2,32,25.9%,4.5%,0,27
Aiming,S14,KR,ADC,116,53.4%,6.6,5,1.5,4.8,10,471,71%,30.1,719,1.52,0.5,0.49,0.1,378,8,314,26.7%,2.6%,2,10
Bull,S14,KR,ADC,42,42.9%,2.9,3.5,3,5.1,8.1,395,70.7%,22.8,528,1.4,0.64,0.34,0.21,-374,-4,-124,21.4%,11.9%,0,2
Deft,S14,KR,ADC,105,52.4%,4.5,3.8,2.2,5.8,8.8,426,69.8%,29,695,1.59,0.65,0.36,0.18,86,1,-38,28.6%,8.6%,1,7
Envyy,S14,KR,ADC,64,21.9%,2.1,3,3,3.3,9.1,398,63.1%,28.3,615,1.19,0.44,0.36,0.16,-380,6,12,21.9%,12.5%,0,5
Gumayusi,S14,KR,ADC,124,62.1%,4.4,3.6,2.1,5.6,8.8,436,65.6%,25.9,640,1.68,0.65,0.43,0.19,101,-6,-139,25%,8.1%,0,6
Hena,S14,KR,ADC,91,37.4%,3.7,3.5,2.3,5,8.9,414,74.2%,27.4,621,1.55,0.64,0.38,0.18,-278,-8,-118,27.5%,4.4%,0,8
Jiwoo,S14,KR,ADC,84,32.1%,2.7,3.4,2.6,3.6,9,412,68.4%,29.5,662,1.37,0.52,0.39,0.13,-232,-3,-95,21.4%,8.3%,0,12
Leaper,S14,KR,ADC,44,47.7%,2.9,2.9,2.3,4,9.6,423,66.8%,26.5,639,1.11,0.35,0.35,0.09,-508,-6,-228,13.6%,9.1%,1,4
Paduck,S14,KR,ADC,2,0%,2,1,1.5,2,8.8,358,43.8%,21.9,419,1.32,0.55,0.36,0.2,-202,-2,-166,0%,0%,0,-
Peyz,S14,KR,ADC,103,83.5%,8,5,1.4,6.3,9,461,72.9%,27.3,732,1.63,0.62,0.43,0.15,177,-3,87,24.3%,5.8%,2,14
Samver,S14,KR,ADC,18,11.1%,2.7,3.1,2.5,3.7,8.9,394,64.4%,24.9,543,1.26,0.46,0.32,0.15,-173,5,87,16.7%,0%,0,1
Taeyoon,S14,KR,ADC,4,0%,0.7,2,5,1.5,8.8,377,42.4%,27.9,609,1.14,0.41,0.45,0.13,-308,8,-111,0%,25%,0,-
Teddy,S14,KR,ADC,81,25.9%,2.9,3.1,2.3,3.4,9.2,410,72.4%,30.6,662,1.46,0.55,0.41,0.13,6,7,26,23.5%,7.4%,0,8
Viper,S14,KR,ADC,112,69.6%,6.8,4.6,1.5,5.9,9.6,450,71.7%,30.5,750,1.65,0.59,0.46,0.16,248,4,54,22.3%,8%,0,13
Andil,S14,KR,SUPPORT,76,46.1%,2.2,0.5,3.7,7.8,1.4,246,73.9%,8.5,201,3.15,1.64,0.42,0.36,-181,-4,-146,25%,17.1%,0,1
BeryL,S14,KR,SUPPORT,105,52.4%,3.3,1.1,3,8.7,1.9,266,72.6%,9.3,220,3.29,1.62,0.51,0.49,197,7,275,28.6%,14.3%,0,4
Delight,S14,KR,SUPPORT,112,69.6%,4.8,0.8,2.2,10,1.6,265,74.5%,6.9,165,3.42,1.77,0.45,0.45,96,1,222,30.4%,7.1%,0,3
Duro,S14,KR,SUPPORT,37,43.2%,2.6,0.4,3.1,7.7,1.3,243,67.6%,5.7,131,3.56,1.94,0.41,0.57,-41,2,-66,27%,18.9%,0,1
Effort,S14,KR,SUPPORT,14,7.1%,1.5,0.2,3.3,4.9,1.4,241,84.1%,8.3,152,4.16,2.28,0.69,0.66,-469,-25,-723,21.4%,14.3%,0,-
Execute,S14,KR,SUPPORT,54,33.3%,2.2,0.5,3.7,7.8,1.2,241,72.2%,7.7,168,3.34,2.01,0.35,0.52,-136,-7,-225,40.7%,16.7%,0,1
GuGer,S14,KR,SUPPORT,29,27.6%,1.6,0.6,3.8,5.5,1.8,239,66.4%,7.2,172,3.15,1.67,0.4,0.45,-281,2,-153,20.7%,10.3%,0,-
Kellin,S14,KR,SUPPORT,90,52.2%,3.6,0.6,2.6,8.9,1.3,252,71.8%,8.5,193,3.48,1.96,0.41,0.46,-33,-5,-231,34.4%,8.9%,0,-
Keria,S14,KR,SUPPORT,124,62.1%,4.2,1,2.3,8.5,2.2,278,69.7%,10.4,257,3.21,1.81,0.39,0.49,421,13,498,28.2%,6.5%,0,11
Lehends,S14,KR,SUPPORT,103,83.5%,4.3,0.7,2.5,10.1,1.7,271,69.5%,7,184,3.28,1.84,0.37,0.53,130,7,78,28.2%,22.3%,0,4
Moham,S14,KR,SUPPORT,26,57.7%,2.7,0.4,3.8,9.8,1,244,70.1%,6.3,148,3.75,1.9,0.52,0.59,-245,4,-247,19.2%,19.2%,0,-
Peter,S14,KR,SUPPORT,44,31.8%,3.3,0.5,2.3,7,1.4,245,75.1%,7.1,150,3.32,1.86,0.41,0.47,-269,-11,-236,25%,6.8%,0,-
Pleata,S14,KR,SUPPORT,83,25.3%,2.4,0.5,2.6,5.8,1.6,238,72.9%,8.4,172,3.44,2.01,0.45,0.51,-169,-5,-133,22.9%,7.2%,0,2
Pollu,S14,KR,SUPPORT,68,22.1%,1.9,0.6,3.8,6.6,1.1,232,69.9%,7.4,157,3.29,1.8,0.39,0.53,-327,-15,-536,33.8%,8.8%,0,1
Quantum,S14,KR,SUPPORT,14,28.6%,1.4,0.6,4.5,5.7,1.2,239,59.8%,11.1,240,3.58,1.96,0.5,0.47,-247,1,-242,7.1%,28.6%,0,-
Vital,S14,KR,SUPPORT,11,45.5%,2.9,0.6,3.5,9.5,1.3,257,75.2%,8.7,203,3.75,1.75,0.64,0.47,102,3,485,54.5%,0%,0,-
