,Player,Season,Position,Games,Win rate,KDA,Avg kills,Avg deaths,Avg assists,CSM,GPM,KP%,DMG%,DPM,VSPM,Avg WPM,Avg WCPM,Avg VWPM,GD@15,CSD@15,XPD@15,FB %,FB Victim,Penta Kills,Solo Kills,Team
0,ADD,S8,TOP,96,0.323,2.0,1.2,2.4,3.6,8.9,377,0.612,0.259,457,1.41,0.67,0.22,0.2,-80,-5,-181,0.198,0.198,0,11.0,MVP
1,Brook,S8,TOP,1,0.0,3.5,3.0,2.0,4.0,8.8,410,0.7,0.244,359,1.49,0.47,0.42,0.1,771,16,-38,1.0,0.0,0,0.0,Hanwha Life eSports
2,Crazy,S8,TOP,92,0.293,2.7,1.7,1.8,3.0,8.7,371,0.573,0.25,387,1.19,0.59,0.2,0.17,-92,1,-79,0.141,0.13,0,11.0,bbq Olivers
3,CuVee,S8,TOP,105,0.571,2.5,1.7,2.1,3.4,9.2,397,0.603,0.24,420,1.27,0.58,0.21,0.21,-86,-3,-41,0.181,0.114,0,19.0,Gen.G eSports
4,CuVee,S8,TOP,105,0.571,2.5,1.7,2.1,3.4,9.2,397,0.603,0.24,420,1.27,0.58,0.21,0.21,-86,-3,-41,0.181,0.114,0,19.0,KSV eSports
5,Khan,S8,TOP,83,0.699,3.8,2.4,1.7,4.1,9.6,425,0.607,0.269,486,1.4,0.67,0.25,0.23,240,7,159,0.229,0.12,1,19.0,Kingzone DragonX
6,Kiin,S8,TOP,106,0.613,3.9,2.2,1.5,3.8,9.7,419,0.616,0.257,433,1.25,0.58,0.2,0.16,147,4,135,0.198,0.132,0,23.0,Afreeca Freecs
7,Kiin,S8,TOP,106,0.613,3.9,2.2,1.5,3.8,9.7,419,0.616,0.257,433,1.25,0.58,0.2,0.16,147,4,135,0.198,0.132,0,23.0,Ever8 Winners
8,Lindarang,S8,TOP,90,0.522,2.6,1.8,2.2,3.9,8.6,386,0.6,0.237,412,1.09,0.57,0.13,0.13,22,-4,-134,0.322,0.144,0,9.0,Hanwha Life eSports
9,Lindarang,S8,TOP,90,0.522,2.6,1.8,2.2,3.9,8.6,386,0.6,0.237,412,1.09,0.57,0.13,0.13,22,-4,-134,0.322,0.144,0,9.0,ROX Tigers
10,MaHa,S8,ADC,17,0.059,1.8,1.1,2.1,2.7,9.6,383,0.645,0.259,487,1,0.43,0.3,0.12,-222,-9,-487,0.059,0.059,0,0.0,MVP
11,MaHa,S8,ADC,17,0.059,1.8,1.1,2.1,2.7,9.6,383,0.645,0.259,487,1,0.43,0.3,0.12,-222,-9,-487,0.059,0.059,0,0.0,MVP
12,Max,S8,SUPPORT,93,0.323,2.4,0.5,2.3,4.8,1.9,253,0.67,0.086,150,2.25,1.2,0.34,0.31,61,0,257,0.194,0.108,0,1.0,MVP
13,Max,S8,SUPPORT,93,0.323,2.4,0.5,2.3,4.8,1.9,253,0.67,0.086,150,2.25,1.2,0.34,0.31,61,0,257,0.194,0.108,0,1.0,MVP
14,Mong,S8,TOP,1,0.0,1.0,2.0,3.0,1.0,8.6,364,0.75,0.102,137,0.97,0.38,0.0,0.08,349,-7,-810,1.0,0.0,0,0.0,Gen.G eSports
15,Nuguri,S8,TOP,6,0.833,4.8,2.5,2.0,7.0,9.6,438,0.664,0.286,563,1.41,0.54,0.19,0.15,270,10,244,0.167,0.167,0,0.0,DAMWON Gaming
16,Rascal,S8,TOP,11,0.636,5.7,2.6,1.2,4.1,9.0,419,0.6,0.209,391,1.1,0.65,0.16,0.22,455,-1,242,0.273,0.0,0,3.0,Kingzone DragonX
17,Roach,S8,TOP,51,0.255,2.0,1.2,2.1,2.9,9.1,375,0.508,0.226,362,1.12,0.65,0.19,0.18,-228,-2,-78,0.078,0.098,0,10.0,Kongdoo Monster
18,Smeb,S8,TOP,98,0.653,4.0,2.3,1.7,4.4,9.3,411,0.642,0.252,468,1.25,0.59,0.21,0.14,262,6,210,0.276,0.092,0,20.0,KT Rolster
19,SoHwan,S8,TOP,89,0.371,2.8,1.2,1.7,3.6,9.0,378,0.56,0.22,366,1.18,0.58,0.17,0.14,-13,2,-23,0.191,0.112,0,12.0,Jin Air Green Wings
20,SoaR,S8,TOP,9,0.667,5.2,2.2,1.4,5.2,8.7,387,0.565,0.235,409,1.06,0.48,0.13,0.16,-185,0,-20,0.0,0.111,0,0.0,Team Battlecomics
21,Sw0rd,S8,TOP,62,0.645,4.0,2.4,1.7,4.2,9.1,400,0.6,0.225,396,1.21,0.55,0.2,0.16,-111,-3,56,0.129,0.145,0,10.0,Griffin
22,Thal,S8,TOP,76,0.5,2.7,1.9,2.1,3.8,9.2,404,0.584,0.242,451,1.17,0.54,0.16,0.16,-56,-3,7,0.197,0.132,0,10.0,SK Telecom T1
23,Untara,S8,TOP,26,0.385,2.4,1.2,1.8,3.2,8.7,368,0.507,0.171,272,1.22,0.66,0.21,0.17,-389,-9,-209,0.077,0.192,0,0.0,SK Telecom T1
24,WooFe,S8,TOP,6,0.333,2.3,1.2,2.0,3.5,8.8,349,0.419,0.218,297,1.28,0.66,0.2,0.21,-578,9,186,0.0,0.167,0,0.0,Ever8 Winners
25,kingen,S8,TOP,1,0.0,1.0,1.0,3.0,2.0,8.0,324,1.0,0.108,141,1.52,0.63,0.2,0.32,-735,-23,-847,0.0,1.0,0,0.0,KT Rolster
26,Aiming,S8,ADC,41,0.61,5.1,3.0,1.5,4.6,9.8,430,0.699,0.255,437,1.46,0.59,0.37,0.2,-1,-3,-113,0.317,0.122,0,3.0,Afreeca Freecs
27,Aiming,S8,ADC,41,0.61,5.1,3.0,1.5,4.6,9.8,430,0.699,0.255,437,1.46,0.59,0.37,0.2,-1,-3,-113,0.317,0.122,0,3.0,Afreeca Freecs
28,Ambition,S8,MID,1,0.0,0.5,0.0,2.0,1.0,2.2,204,1.0,0.052,45,2.13,1.13,0.32,0.55,-2627,-134,-3840,0.0,0.0,0,0.0,Gen.G eSports
29,Ambition,S8,MID,1,0.0,0.5,0.0,2.0,1.0,2.2,204,1.0,0.052,45,2.13,1.13,0.32,0.55,-2627,-134,-3840,0.0,0.0,0,0.0,Gen.G eSports
30,Ambition,S8,MID,1,0.0,0.5,0.0,2.0,1.0,2.2,204,1.0,0.052,45,2.13,1.13,0.32,0.55,-2627,-134,-3840,0.0,0.0,0,0.0,KSV eSports
31,Bang,S8,ADC,98,0.469,7.0,2.7,1.0,4.1,10.4,431,0.704,0.335,613,1.37,0.54,0.31,0.15,-53,-2,46,0.214,0.041,0,9.0,SK Telecom T1
32,Bang,S8,ADC,98,0.469,7.0,2.7,1.0,4.1,10.4,431,0.704,0.335,613,1.37,0.54,0.31,0.15,-53,-2,46,0.214,0.041,0,9.0,SK Telecom T1
33,Beyond,S8,JUNGLE,52,0.365,2.1,1.0,2.6,4.6,5.1,306,0.672,0.089,166,2.49,1.24,0.61,0.4,36,1,142,0.462,0.077,0,1.0,MVP
34,Blossom,S8,JUNGLE,23,0.522,2.2,1.5,3.1,5.3,5.6,328,0.681,0.112,200,2.77,1.35,0.64,0.29,-239,0,-186,0.435,0.217,0,2.0,SK Telecom T1
35,Cuzz,S8,MID,1,1.0,3.5,0.0,4.0,14.0,1.0,267,0.737,0.039,106,3.22,1.15,0.62,0.4,-3049,-153,-4100,0.0,0.0,0,0.0,Kingzone DragonX
36,Cuzz,S8,MID,1,1.0,3.5,0.0,4.0,14.0,1.0,267,0.737,0.039,106,3.22,1.15,0.62,0.4,-3049,-153,-4100,0.0,0.0,0,0.0,Kingzone DragonX
37,Haru,S8,JUNGLE,45,0.622,3.1,2.0,2.0,4.3,6.0,350,0.701,0.124,218,2.03,0.79,0.46,0.32,60,-1,108,0.378,0.111,0,9.0,Gen.G eSports
38,Haru,S8,JUNGLE,45,0.622,3.1,2.0,2.0,4.3,6.0,350,0.701,0.124,218,2.03,0.79,0.46,0.32,60,-1,108,0.378,0.111,0,9.0,KSV eSports
39,Hoglet,S8,JUNGLE,2,0.5,2.4,0.5,2.5,5.5,4.1,256,0.893,0.095,142,1.71,0.51,0.7,0.38,-588,-12,-952,0.5,0.0,0,0.0,Ever8 Winners
40,KaKAO,S8,JUNGLE,4,0.0,0.6,0.3,2.3,1.0,4.5,259,0.458,0.071,80,1.39,0.61,0.36,0.41,-1159,-30,-824,0.0,0.0,0,0.0,Jin Air Green Wings
41,Kuma,S8,JUNGLE,4,0.25,2.0,0.8,3.3,5.8,4.1,262,0.919,0.099,124,1.97,1.25,0.51,0.48,-617,-12,-500,0.25,0.25,0,0.0,Ever8 Winners
42,Mightybear,S8,JUNGLE,3,0.0,2.5,1.0,2.0,4.0,4.9,308,0.833,0.131,186,2.8,1.42,0.55,0.3,-166,-6,-521,0.667,0.0,0,0.0,Hanwha Life eSports
43,Mightybear,S8,JUNGLE,3,0.0,2.5,1.0,2.0,4.0,4.9,308,0.833,0.131,186,2.8,1.42,0.55,0.3,-166,-6,-521,0.667,0.0,0,0.0,ROX Tigers
44,Mowgli,S8,JUNGLE,25,0.6,5.8,1.3,1.3,6.2,4.9,316,0.721,0.102,175,2.18,1.05,0.56,0.52,-110,-5,-43,0.4,0.04,0,0.0,Afreeca Freecs
45,OnFleek,S8,JUNGLE,9,0.667,3.4,2.4,2.2,5.1,5.6,345,0.717,0.161,283,1.9,0.39,0.54,0.32,426,8,363,0.444,0.0,0,2.0,Team Battlecomics
46,Peanut,S8,MID,1,1.0,9.0,1.0,1.0,8.0,0.9,281,0.6,0.066,100,2.63,1.53,0.42,0.39,-2085,-114,-2110,0.0,0.0,0,0.0,Kingzone DragonX
47,Peanut,S8,MID,1,1.0,9.0,1.0,1.0,8.0,0.9,281,0.6,0.066,100,2.63,1.53,0.42,0.39,-2085,-114,-2110,0.0,0.0,0,0.0,Kingzone DragonX
48,PraY,S8,ADC,92,0.685,5.1,2.8,1.4,4.5,10.3,438,0.634,0.295,544,1.34,0.48,0.4,0.11,137,6,206,0.207,0.054,0,5.0,Kingzone DragonX
49,PraY,S8,ADC,92,0.685,5.1,2.8,1.4,4.5,10.3,438,0.634,0.295,544,1.34,0.48,0.4,0.11,137,6,206,0.207,0.054,0,5.0,Kingzone DragonX
50,Punch,S8,JUNGLE,6,0.833,5.0,1.5,2.2,9.3,4.5,310,0.756,0.092,172,1.67,0.56,0.49,0.46,-341,-6,-452,0.333,0.5,0,0.0,DAMWON Gaming
51,Raise,S8,JUNGLE,40,0.3,1.9,0.9,3.0,4.7,4.6,292,0.749,0.102,165,2.47,1.35,0.5,0.41,-188,-7,-258,0.325,0.2,0,1.0,Kongdoo Monster
52,Ruler,S8,ADC,105,0.571,4.1,2.8,1.5,3.2,10.8,443,0.7,0.321,566,1.58,0.44,0.54,0.2,241,7,177,0.143,0.171,1,3.0,Gen.G eSports
53,Ruler,S8,ADC,105,0.571,4.1,2.8,1.5,3.2,10.8,443,0.7,0.321,566,1.58,0.44,0.54,0.2,241,7,177,0.143,0.171,1,3.0,Gen.G eSports
54,Ruler,S8,ADC,105,0.571,4.1,2.8,1.5,3.2,10.8,443,0.7,0.321,566,1.58,0.44,0.54,0.2,241,7,177,0.143,0.171,1,3.0,KSV eSports
55,Rush,S8,JUNGLE,12,0.583,2.3,1.5,2.5,4.2,5.5,332,0.532,0.114,187,1.77,0.57,0.5,0.23,166,2,304,0.417,0.0,0,1.0,KT Rolster
56,Sangyoon,S8,ADC,87,0.517,4.5,2.6,1.4,3.6,10.6,438,0.627,0.285,504,1.15,0.37,0.34,0.1,-88,-3,-62,0.184,0.023,0,1.0,Hanwha Life eSports
57,Sangyoon,S8,ADC,87,0.517,4.5,2.6,1.4,3.6,10.6,438,0.627,0.285,504,1.15,0.37,0.34,0.1,-88,-3,-62,0.184,0.023,0,1.0,Hanwha Life eSports
58,Sangyoon,S8,ADC,87,0.517,4.5,2.6,1.4,3.6,10.6,438,0.627,0.285,504,1.15,0.37,0.34,0.1,-88,-3,-62,0.184,0.023,0,1.0,ROX Tigers
59,Score,S8,JUNGLE,87,0.655,4.1,1.8,1.8,5.7,5.3,330,0.736,0.112,206,2.31,0.88,0.58,0.29,155,2,189,0.506,0.069,0,6.0,KT Rolster
60,SeongHwan,S8,MID,3,0.667,3.5,0.3,2.7,9.0,1.9,247,0.722,0.047,86,2.5,1.23,0.41,0.44,-2580,-113,-3259,0.667,0.0,0,0.0,Hanwha Life eSports
61,SeongHwan,S8,MID,3,0.667,3.5,0.3,2.7,9.0,1.9,247,0.722,0.047,86,2.5,1.23,0.41,0.44,-2580,-113,-3259,0.667,0.0,0,0.0,Hanwha Life eSports
62,SeongHwan,S8,MID,3,0.667,3.5,0.3,2.7,9.0,1.9,247,0.722,0.047,86,2.5,1.23,0.41,0.44,-2580,-113,-3259,0.667,0.0,0,0.0,ROX Tigers
63,Tarzan,S8,MID,3,0.333,3.1,0.0,2.3,7.3,2.3,234,0.651,0.059,95,2.3,1.53,0.35,0.41,-2208,-120,-3905,0.0,0.0,0,0.0,Griffin
64,Tarzan,S8,MID,3,0.333,3.1,0.0,2.3,7.3,2.3,234,0.651,0.059,95,2.3,1.53,0.35,0.41,-2208,-120,-3905,0.0,0.0,0,0.0,Griffin
65,Trick,S8,JUNGLE,77,0.325,2.5,1.3,2.3,4.5,5.0,306,0.735,0.113,175,1.8,0.76,0.4,0.27,-132,-4,45,0.377,0.182,0,4.0,bbq Olivers
66,U Jun,S8,JUNGLE,11,0.091,2.2,0.8,2.5,4.6,4.6,280,0.789,0.1,156,2.37,1.14,0.53,0.36,-75,0,-81,0.273,0.091,0,2.0,Kongdoo Monster
67,UmTi,S8,JUNGLE,85,0.388,2.8,1.4,2.3,4.9,5.1,309,0.704,0.118,202,2.63,1.2,0.64,0.33,2,0,-75,0.412,0.118,0,4.0,Jin Air Green Wings
68,Viper,S8,ADC,59,0.661,7.4,2.7,1.1,5.3,10.2,431,0.698,0.272,474,1.31,0.44,0.34,0.14,-45,1,26,0.288,0.051,0,3.0,Griffin
69,Viper,S8,ADC,59,0.661,7.4,2.7,1.1,5.3,10.2,431,0.698,0.272,474,1.31,0.44,0.34,0.14,-45,1,26,0.288,0.051,0,3.0,Griffin
70,Wolf,S8,SUPPORT,38,0.395,3.1,0.8,2.1,5.5,1.8,248,0.724,0.073,125,2.35,1.28,0.48,0.43,1,2,37,0.211,0.158,0,1.0,SK Telecom T1
71,Wolf,S8,SUPPORT,38,0.395,3.1,0.8,2.1,5.5,1.8,248,0.724,0.073,125,2.35,1.28,0.48,0.43,1,2,37,0.211,0.158,0,1.0,SK Telecom T1
72,Yondu,S8,JUNGLE,49,0.265,2.4,1.5,2.3,4.0,4.7,291,0.756,0.11,173,1.52,0.59,0.37,0.32,-237,-5,-350,0.367,0.082,0,0.0,MVP
73,bono,S8,JUNGLE,15,0.133,1.7,0.9,3.4,4.9,4.7,295,0.714,0.128,195,2.46,1.09,0.56,0.3,-423,-18,-246,0.333,0.067,0,2.0,bbq Olivers
74,ALL IN,S8,MID,6,0.333,2.5,1.8,2.2,3.5,9.8,383,0.677,0.329,444,1,0.66,0.2,0.3,-1,8,329,0.0,0.0,0,1.0,Ever8 Winners
75,Bdd,S8,ADC,2,1.0,7.7,3.0,1.5,8.5,8.4,398,0.64,0.305,644,0.82,0.49,0.06,0.18,647,4,675,0.5,0.0,0,2.0,Kingzone DragonX
76,Bdd,S8,ADC,2,1.0,7.7,3.0,1.5,8.5,8.4,398,0.64,0.305,644,0.82,0.49,0.06,0.18,647,4,675,0.5,0.0,0,2.0,Kingzone DragonX
77,Bdd,S8,ADC,2,1.0,7.7,3.0,1.5,8.5,8.4,398,0.64,0.305,644,0.82,0.49,0.06,0.18,647,4,675,0.5,0.0,0,2.0,Kingzone DragonX
78,Chovy,S8,ADC,2,0.5,6.7,0.5,1.5,9.5,6.3,312,0.476,0.154,245,0.72,0.35,0.19,0.08,-1564,-26,-700,0.0,0.5,0,0.0,Griffin
79,Chovy,S8,ADC,2,0.5,6.7,0.5,1.5,9.5,6.3,312,0.476,0.154,245,0.72,0.35,0.19,0.08,-1564,-26,-700,0.0,0.5,0,0.0,Griffin
80,Crown,S8,MID,62,0.548,2.6,1.6,2.2,4.0,9.4,384,0.672,0.277,486,1.33,0.67,0.29,0.28,-43,3,46,0.21,0.129,0,6.0,Gen.G eSports
81,Crown,S8,MID,62,0.548,2.6,1.6,2.2,4.0,9.4,384,0.672,0.277,486,1.33,0.67,0.29,0.28,-43,3,46,0.21,0.129,0,6.0,KSV eSports
82,Dove,S8,MID,9,0.667,4.2,3.2,2.0,5.1,9.4,416,0.734,0.235,399,1.32,0.57,0.26,0.27,200,3,21,0.333,0.111,0,0.0,Team Battlecomics
83,Edge,S8,MID,51,0.255,2.8,2.3,2.0,3.2,9.3,376,0.717,0.273,448,1,0.59,0.23,0.2,-112,-2,-56,0.137,0.137,0,3.0,Kongdoo Monster
84,Faker,S8,ADC,1,1.0,6.0,1.0,1.0,5.0,11.1,453,1.0,0.376,514,1.25,0.4,0.2,0.08,472,18,1074,1.0,0.0,0,0.0,SK Telecom T1
85,Faker,S8,ADC,1,1.0,6.0,1.0,1.0,5.0,11.1,453,1.0,0.376,514,1.25,0.4,0.2,0.08,472,18,1074,1.0,0.0,0,0.0,SK Telecom T1
86,Fly,S8,ADC,1,0.0,0.3,0.0,3.0,1.0,4.8,252,1.0,0.168,147,0.81,0.45,0.23,0.26,-1830,-61,-926,0.0,1.0,0,0.0,Gen.G eSports
87,Fly,S8,ADC,1,0.0,0.3,0.0,3.0,1.0,4.8,252,1.0,0.168,147,0.81,0.45,0.23,0.26,-1830,-61,-926,0.0,1.0,0,0.0,Gen.G eSports
88,Grace,S8,MID,80,0.375,3.3,2.2,1.8,3.5,9.5,387,0.652,0.272,455,1.02,0.5,0.2,0.16,-157,2,-119,0.225,0.1,0,7.0,Jin Air Green Wings
89,Ian,S8,MID,101,0.317,3.2,2.2,1.7,3.4,9.2,381,0.666,0.252,448,1.27,0.63,0.3,0.23,-15,-2,-180,0.257,0.04,0,6.0,MVP
90,Justice,S8,MID,9,0.333,3.9,1.9,1.6,4.1,9.0,367,0.611,0.205,369,1.25,0.74,0.39,0.35,-276,-18,-380,0.333,0.222,0,0.0,Jin Air Green Wings
91,Kuzan,S8,MID,3,0.0,0.6,0.0,3.0,1.7,8.8,354,0.3,0.251,352,1.23,0.61,0.3,0.21,-472,-6,-694,0.0,0.333,0,0.0,Hanwha Life eSports
92,Kuzan,S8,MID,3,0.0,0.6,0.0,3.0,1.7,8.8,354,0.3,0.251,352,1.23,0.61,0.3,0.21,-472,-6,-694,0.0,0.333,0,0.0,ROX Tigers
93,Lava,S8,ADC,3,0.667,4.7,3.0,2.3,8.0,6.9,360,0.856,0.201,413,1.22,0.44,0.25,0.15,-597,-30,-111,0.667,0.0,0,1.0,Hanwha Life eSports
94,Lava,S8,ADC,3,0.667,4.7,3.0,2.3,8.0,6.9,360,0.856,0.201,413,1.22,0.44,0.25,0.15,-597,-30,-111,0.667,0.0,0,1.0,Hanwha Life eSports
95,Lava,S8,ADC,3,0.667,4.7,3.0,2.3,8.0,6.9,360,0.856,0.201,413,1.22,0.44,0.25,0.15,-597,-30,-111,0.667,0.0,0,1.0,ROX Tigers
96,PawN,S8,MID,32,0.594,4.2,2.6,1.8,4.7,10.0,419,0.75,0.261,508,1.31,0.63,0.37,0.22,12,-3,-98,0.344,0.094,0,4.0,KT Rolster
97,Pirean,S8,MID,19,0.526,3.2,2.4,1.8,3.4,9.5,396,0.663,0.239,419,1.3,0.56,0.25,0.22,71,-1,-57,0.158,0.158,0,3.0,SK Telecom T1
98,Rather,S8,ADC,1,0.0,0.5,0.0,2.0,1.0,8.4,311,0.5,0.298,431,0.86,0.39,0.18,0.11,-514,6,-591,0.0,0.0,0,0.0,Griffin
99,Rather,S8,ADC,1,0.0,0.5,0.0,2.0,1.0,8.4,311,0.5,0.298,431,0.86,0.39,0.18,0.11,-514,6,-591,0.0,0.0,0,0.0,Griffin
100,ShowMaker,S8,MID,6,0.833,3.6,4.0,3.0,6.8,8.9,404,0.705,0.268,522,1.22,0.53,0.19,0.23,-244,-4,146,0.167,0.0,0,2.0,DAMWON Gaming
101,Tempt,S8,MID,92,0.293,3.5,2.3,1.6,3.3,9.7,393,0.666,0.3,470,1.17,0.58,0.23,0.21,46,2,-34,0.207,0.076,0,17.0,bbq Olivers
102,Ucal,S8,MID,67,0.672,4.1,2.6,1.7,4.1,9.7,412,0.63,0.243,440,1.12,0.53,0.19,0.2,127,0,38,0.284,0.03,0,12.0,KT Rolster
103,Clever,S8,ADC,1,0.0,4.0,3.0,2.0,5.0,9.3,426,0.8,0.286,421,1.25,0.5,0.1,0.05,54,1,-726,0.0,0.0,0,0.0,Hanwha Life eSports
104,Deft,S8,ADC,99,0.646,4.5,2.6,1.5,4.2,10.3,436,0.633,0.319,597,1.35,0.51,0.37,0.15,258,3,136,0.232,0.061,0,3.0,KT Rolster
105,Ghost,S8,ADC,86,0.314,2.7,2.0,1.9,3.1,9.7,396,0.606,0.263,419,1.22,0.5,0.35,0.18,-303,-9,-202,0.209,0.105,0,1.0,bbq Olivers
106,Hollow,S8,ADC,9,0.667,2.5,2.4,2.7,4.3,10.6,435,0.694,0.278,466,1.35,0.31,0.42,0.1,-87,1,351,0.222,0.111,0,0.0,Team Battlecomics
107,HyBrid,S8,ADC,6,0.333,2.9,3.5,2.2,2.8,10.9,427,0.729,0.264,387,1.06,0.39,0.32,0.04,-746,-23,-610,0.5,0.167,0,3.0,Ever8 Winners
108,Kramer,S8,ADC,64,0.609,5.9,2.7,1.1,4.0,10.7,447,0.721,0.288,490,1.61,0.57,0.51,0.19,76,-4,-9,0.375,0.031,0,5.0,Afreeca Freecs
109,Kramer,S8,ADC,64,0.609,5.9,2.7,1.1,4.0,10.7,447,0.721,0.288,490,1.61,0.57,0.51,0.19,76,-4,-9,0.375,0.031,0,5.0,Afreeca Freecs
110,Leo,S8,ADC,3,0.333,4.8,1.7,1.3,4.7,9.2,405,0.706,0.283,475,1.11,0.55,0.22,0.1,-132,-9,207,0.0,0.0,0,2.0,SK Telecom T1
111,Nuclear,S8,ADC,6,0.833,9.4,5.5,1.2,5.5,10.3,460,0.717,0.278,548,1.36,0.47,0.35,0.2,-116,-7,-452,0.0,0.0,0,0.0,DAMWON Gaming
112,Pilot,S8,ADC,84,0.369,4.2,2.6,1.4,3.4,10.5,424,0.705,0.31,543,1.29,0.42,0.33,0.1,-116,0,-107,0.155,0.071,1,3.0,MVP
113,Prince,S8,ADC,6,0.0,1.1,0.7,3.5,3.3,8.7,362,0.515,0.256,379,1.03,0.54,0.19,0.19,119,5,175,0.333,0.0,0,0.0,bbq Olivers
114,Ssol,S8,ADC,51,0.255,3.0,2.1,1.8,3.4,10.2,406,0.695,0.323,536,1.33,0.45,0.48,0.15,-67,-3,-234,0.118,0.098,0,2.0,Kongdoo Monster
115,Teddy,S8,ADC,89,0.371,4.2,3.1,1.5,3.2,11.1,439,0.688,0.33,584,1.32,0.43,0.43,0.13,19,6,48,0.213,0.067,2,6.0,Jin Air Green Wings
116,Aegis,S8,SUPPORT,1,0.0,5.0,0.0,2.0,10.0,1.7,218,0.909,0.064,104,1.86,1.23,0.2,0.5,-366,15,-424,0.0,0.0,0,0.0,Ever8 Winners
117,Asper,S8,SUPPORT,1,0.0,3.0,1.0,2.0,5.0,2.0,263,0.6,0.044,65,3.31,1.98,0.6,0.7,-579,20,146,0.0,0.0,0,0.0,Hanwha Life eSports
118,CoreJJ,S8,SUPPORT,106,0.566,3.8,0.5,1.7,5.7,1.7,248,0.753,0.073,124,2.56,1.49,0.42,0.49,-11,-2,-56,0.189,0.085,0,1.0,Gen.G eSports
119,CoreJJ,S8,SUPPORT,106,0.566,3.8,0.5,1.7,5.7,1.7,248,0.753,0.073,124,2.56,1.49,0.42,0.49,-11,-2,-56,0.189,0.085,0,1.0,KSV eSports
120,Effort,S8,SUPPORT,64,0.516,3.3,0.9,2.2,6.3,1.8,258,0.719,0.072,130,2.65,1.54,0.43,0.53,-11,-1,-135,0.25,0.094,0,1.0,SK Telecom T1
121,GorillA,S8,SUPPORT,94,0.691,3.7,0.6,2.0,6.6,1.7,259,0.63,0.073,131,2.41,1.5,0.39,0.49,-3,0,30,0.255,0.117,0,3.0,Kingzone DragonX
122,Hoit,S8,SUPPORT,6,0.833,7.7,1.2,1.5,10.3,1.3,253,0.749,0.075,149,2.65,1.41,0.44,0.46,-62,-5,-18,0.167,0.0,0,0.0,DAMWON Gaming
123,IgNar,S8,SUPPORT,92,0.293,3.4,0.5,1.6,4.9,1.9,245,0.635,0.072,111,2.68,1.67,0.46,0.56,-43,-1,-126,0.239,0.098,0,3.0,bbq Olivers
124,Joker,S8,SUPPORT,9,0.667,2.4,0.6,3.2,7.2,1.8,263,0.748,0.09,156,2.97,1.96,0.4,0.61,69,3,-297,0.444,0.111,0,0.0,Team Battlecomics
125,KeY,S8,SUPPORT,90,0.522,3.5,0.5,1.9,6.1,2.0,260,0.688,0.074,126,2.64,1.52,0.44,0.5,71,2,7,0.211,0.1,0,1.0,Hanwha Life eSports
126,KeY,S8,SUPPORT,90,0.522,3.5,0.5,1.9,6.1,2.0,260,0.688,0.074,126,2.64,1.52,0.44,0.5,71,2,7,0.211,0.1,0,1.0,ROX Tigers
127,Lehends,S8,SUPPORT,62,0.645,5.1,1.0,1.6,7.1,1.7,256,0.706,0.107,182,2.47,1.42,0.4,0.46,108,0,210,0.29,0.194,0,1.0,Griffin
128,Luci,S8,SUPPORT,5,0.4,3.0,0.4,1.8,5.0,1.5,221,0.679,0.097,136,2.47,1.8,0.27,0.54,-228,3,-748,0.4,0.0,0,0.0,Ever8 Winners
129,Mata,S8,SUPPORT,99,0.646,4.4,0.8,1.6,6.3,1.9,256,0.668,0.069,125,2.71,1.76,0.45,0.64,13,1,-99,0.253,0.091,0,2.0,KT Rolster
130,Motive,S8,SUPPORT,8,0.25,1.7,0.6,2.9,4.1,2.3,242,0.818,0.144,223,1.67,0.98,0.22,0.31,24,12,260,0.25,0.25,0,0.0,MVP
131,Nova,S8,SUPPORT,45,0.311,2.3,0.4,2.0,4.0,1.6,224,0.557,0.077,115,2.69,1.64,0.48,0.65,-146,-1,45,0.178,0.111,0,0.0,Jin Air Green Wings
132,Secret,S8,SUPPORT,51,0.255,2.1,0.8,2.5,4.3,1.9,243,0.673,0.076,119,2.17,1.49,0.34,0.47,-126,-2,48,0.118,0.137,0,0.0,Kongdoo Monster
133,TusiN,S8,SUPPORT,106,0.613,3.8,0.5,1.9,6.6,2.0,262,0.714,0.077,128,2.61,1.73,0.39,0.55,56,0,9,0.368,0.085,0,0.0,Afreeca Freecs
134,Wraith,S8,SUPPORT,44,0.432,3.7,0.5,2.0,7.0,1.6,245,0.663,0.059,107,2.23,1.39,0.32,0.38,-121,-2,-152,0.273,0.068,0,1.0,Jin Air Green Wings
135,CheonGo,S9,MID,17,0.059,1.1,1.5,3.2,2.1,8.3,343,0.634,0.21,308,1.2,0.56,0.34,0.22,-633,-14,-369,0.176,0.059,0,2.0,Jin Air Green Wings
136,CheonGo,S9,MID,17,0.059,1.1,1.5,3.2,2.1,8.3,343,0.634,0.21,308,1.2,0.56,0.34,0.22,-633,-14,-369,0.176,0.059,0,2.0,Jin Air Green Wings
137,CuVee,S9,TOP,66,0.47,2.4,2.0,2.3,3.4,8.3,380,0.574,0.24,367,1.12,0.51,0.22,0.22,-250,-7,-132,0.106,0.136,0,17.0,Gen.G eSports
138,Doran,S9,TOP,23,0.609,2.6,2.7,2.3,3.1,9.3,420,0.552,0.254,416,1.03,0.49,0.2,0.16,276,4,96,0.304,0.304,0,7.0,Griffin
139,Flame,S9,TOP,14,0.429,2.8,2.6,2.2,3.6,8.6,392,0.574,0.25,410,0.89,0.45,0.18,0.14,-163,5,-112,0.143,0.214,0,0.0,DAMWON Gaming
140,Grace,S9,MID,79,0.177,2.2,1.6,2.4,3.7,8.5,358,0.63,0.253,370,0.95,0.49,0.2,0.23,-318,-5,-178,0.215,0.089,0,13.0,Jin Air Green Wings
141,Grace,S9,MID,79,0.177,2.2,1.6,2.4,3.7,8.5,358,0.63,0.253,370,0.95,0.49,0.2,0.23,-318,-5,-178,0.215,0.089,0,13.0,Jin Air Green Wings
142,Ikssu,S9,TOP,7,0.714,4.2,3.0,1.9,4.7,6.8,358,0.612,0.25,416,1.06,0.48,0.25,0.17,335,0,221,0.286,0.0,0,2.0,APK Prince
143,Jisu,S9,TOP,17,0.294,2.4,2.2,2.4,3.6,8.1,376,0.551,0.217,386,0.94,0.4,0.22,0.15,-419,-11,-204,0.176,0.0,0,4.0,ES Sharks
144,Jisu,S9,TOP,17,0.294,2.4,2.2,2.4,3.6,8.1,376,0.551,0.217,386,0.94,0.4,0.22,0.15,-419,-11,-204,0.176,0.0,0,4.0,Team Dynamics
145,Khan,S9,TOP,106,0.698,3.5,2.8,2.0,4.3,8.7,407,0.583,0.248,439,1.14,0.57,0.2,0.25,71,2,36,0.264,0.151,0,29.0,SK Telecom T1
146,Kiin,S9,TOP,96,0.438,2.6,2.5,2.5,3.9,8.6,392,0.591,0.252,413,1.12,0.52,0.24,0.21,274,8,188,0.208,0.115,0,30.0,Afreeca Freecs
147,Lindarang,S9,TOP,73,0.205,1.6,1.5,2.5,2.7,8.0,355,0.537,0.237,345,0.94,0.52,0.14,0.22,-249,-7,-243,0.123,0.151,0,10.0,Jin Air Green Wings
148,Nuguri,S9,TOP,86,0.605,2.9,3.5,2.8,4.7,9.4,438,0.637,0.302,550,1.13,0.49,0.26,0.15,267,8,78,0.163,0.267,0,38.0,DAMWON Gaming
149,Rascal,S9,TOP,104,0.587,3.0,2.7,2.5,4.7,8.3,392,0.595,0.213,370,1.07,0.55,0.21,0.22,-281,-8,-136,0.269,0.125,0,27.0,Kingzone DragonX
150,Riris,S9,TOP,1,0.0,1.5,1.0,4.0,5.0,8.1,370,0.75,0.194,352,0.96,0.37,0.34,0.06,898,8,547,1.0,0.0,0,0.0,VSG
151,Roach,S9,MID,7,0.571,4.2,1.7,1.4,4.3,8.9,385,0.611,0.187,279,1.15,0.49,0.25,0.25,-333,-7,220,0.143,0.0,0,0.0,Gen.G eSports
152,Roach,S9,MID,7,0.571,4.2,1.7,1.4,4.3,8.9,385,0.611,0.187,279,1.15,0.49,0.25,0.25,-333,-7,220,0.143,0.0,0,0.0,Gen.G eSports
153,Smeb,S9,TOP,54,0.315,2.1,2.3,2.6,3.3,8.4,377,0.547,0.244,385,0.94,0.48,0.16,0.16,-230,-6,-260,0.13,0.185,0,13.0,KT Rolster
154,SoHwan,S9,TOP,44,0.477,3.1,2.3,1.9,3.7,8.1,379,0.56,0.209,327,1.04,0.4,0.22,0.17,352,5,151,0.205,0.045,0,8.0,Hanwha Life eSports
155,SoaR,S9,TOP,6,0.333,1.7,1.8,3.0,3.3,7.5,344,0.669,0.233,336,0.89,0.33,0.2,0.14,-254,2,-81,0.0,0.333,0,1.0,VSG
156,Summit,S9,TOP,98,0.582,2.7,2.4,2.4,4.2,8.8,399,0.626,0.262,451,1.09,0.5,0.24,0.18,240,9,228,0.204,0.173,0,22.0,Sandbox Gaming
157,Sw0rd,S9,TOP,65,0.723,3.6,2.4,1.8,4.1,8.8,403,0.525,0.21,356,1.07,0.5,0.23,0.17,192,2,245,0.231,0.046,0,11.0,Griffin
158,TaNa,S9,TOP,19,0.0,1.5,1.5,3.0,2.9,8.2,355,0.629,0.22,328,0.96,0.53,0.16,0.24,-184,-4,-314,0.105,0.263,0,3.0,Jin Air Green Wings
159,Thal,S9,TOP,49,0.429,2.8,1.8,2.0,3.9,8.4,377,0.605,0.228,346,1.08,0.49,0.23,0.19,-339,-6,-235,0.184,0.163,0,9.0,Hanwha Life eSports
160,Wizer,S9,TOP,1,0.0,1.0,0.0,3.0,3.0,9.8,375,0.3,0.235,452,1.28,0.46,0.36,0.19,-787,2,-979,0.0,0.0,0,0.0,Sandbox Gaming
161,kingen,S9,TOP,37,0.459,3.2,2.6,2.1,4.2,8.6,398,0.587,0.238,379,1.07,0.42,0.22,0.19,-21,-5,58,0.162,0.135,0,7.0,KT Rolster
162,Canyon,S9,JUNGLE,85,0.576,3.5,2.0,2.6,7.1,5.0,325,0.712,0.145,270,1.76,0.72,0.44,0.42,-124,1,-155,0.271,0.118,0,11.0,DAMWON Gaming
163,Clid,S9,JUNGLE,102,0.716,5.2,2.4,1.7,6.5,5.2,337,0.73,0.127,228,2.34,1.05,0.56,0.38,134,1,179,0.52,0.069,0,16.0,SK Telecom T1
164,Crush,S9,JUNGLE,1,0.0,1.0,1.0,5.0,4.0,4.7,283,0.5,0.091,175,1.67,0.9,0.44,0.36,-1243,-1,86,0.0,0.0,0,0.0,Sandbox Gaming
165,Cuzz,S9,JUNGLE,104,0.587,3.8,2.3,2.2,6.1,5.4,339,0.684,0.159,277,2.27,0.9,0.59,0.37,149,5,242,0.385,0.067,0,6.0,Kingzone DragonX
166,Dread,S9,JUNGLE,91,0.462,2.5,2.3,3.0,5.4,4.9,319,0.683,0.132,219,1.92,0.83,0.52,0.39,2,-3,-166,0.385,0.077,0,8.0,Afreeca Freecs
167,Haru,S9,JUNGLE,4,0.25,4.2,2.3,1.5,4.0,5.1,308,0.841,0.151,221,1.85,0.7,0.45,0.34,-128,-4,-254,0.5,0.0,0,0.0,SK Telecom T1
168,Jin0,S9,JUNGLE,6,0.167,2.0,2.2,3.5,5.0,4.7,299,0.743,0.156,277,2.06,0.86,0.5,0.29,-415,5,-225,0.5,0.0,0,0.0,Team Dynamics
169,KaKAO,S9,JUNGLE,7,0.714,13.6,4.3,0.7,5.4,6.1,375,0.8,0.24,423,1.86,0.87,0.35,0.32,567,12,510,0.571,0.0,0,4.0,APK Prince
170,Malrang,S9,JUNGLE,69,0.101,2.5,1.8,2.1,3.5,4.6,292,0.74,0.143,210,2.05,0.97,0.53,0.45,-324,-9,-400,0.362,0.072,0,6.0,Jin Air Green Wings
171,Mightybear,S9,JUNGLE,2,0.0,2.5,1.5,2.0,3.5,4.5,285,0.775,0.11,178,1.37,0.6,0.42,0.37,356,4,421,0.5,0.0,0,0.0,VSG
172,MooJin,S9,JUNGLE,8,0.25,2.7,0.9,2.4,5.6,3.9,277,0.895,0.113,150,1.84,0.78,0.42,0.5,-448,-14,-541,0.75,0.0,0,1.0,Hanwha Life eSports
173,OnFleek,S9,JUNGLE,98,0.582,3.2,2.1,2.2,5.1,5.5,335,0.696,0.134,230,2.06,0.71,0.63,0.36,8,4,2,0.347,0.092,0,13.0,Sandbox Gaming
174,Patch,S9,JUNGLE,11,0.364,2.2,1.8,2.9,4.5,4.9,303,0.62,0.112,203,1.82,0.87,0.39,0.37,-317,-5,-386,0.364,0.182,0,0.0,ES Sharks
175,Peanut,S9,JUNGLE,85,0.459,3.1,1.3,2.0,4.9,5.2,311,0.657,0.108,167,2,0.81,0.58,0.35,-12,-2,31,0.388,0.082,0,1.0,Gen.G eSports
176,Punch,S9,JUNGLE,15,0.6,4.0,1.7,1.9,6.1,5.2,325,0.764,0.107,177,2.2,1.09,0.52,0.43,112,10,230,0.4,0.2,0,1.0,DAMWON Gaming
177,Ryan,S9,JUNGLE,5,0.4,2.3,1.2,2.8,5.2,5.2,309,0.714,0.11,167,2.21,1.04,0.52,0.34,116,7,246,0.2,0.4,0,0.0,VSG
178,Score,S9,JUNGLE,65,0.369,2.8,1.8,2.7,5.7,4.7,306,0.703,0.133,208,2,0.85,0.5,0.34,-52,0,49,0.415,0.092,0,4.0,KT Rolster
179,Seize,S9,JUNGLE,27,0.296,2.2,2.2,2.9,4.4,4.4,295,0.684,0.134,222,1.82,0.91,0.45,0.46,-224,-6,-250,0.37,0.037,0,2.0,Jin Air Green Wings
180,SeongHwan,S9,JUNGLE,3,0.333,2.4,1.0,1.7,3.0,5.5,312,0.606,0.143,169,1.5,0.53,0.45,0.36,-218,1,-104,0.667,0.0,0,0.0,Gen.G eSports
181,Spirit,S9,SUPPORT,4,0.5,2.6,1.0,5.0,12.0,0.7,243,0.828,0.112,218,2.25,1.21,0.36,0.47,-694,-14,574,0.25,0.25,0,0.0,Afreeca Freecs
182,Spirit,S9,SUPPORT,4,0.5,2.6,1.0,5.0,12.0,0.7,243,0.828,0.112,218,2.25,1.21,0.36,0.47,-694,-14,574,0.25,0.25,0,0.0,Afreeca Freecs
183,Spirit,S9,SUPPORT,4,0.5,2.6,1.0,5.0,12.0,0.7,243,0.828,0.112,218,2.25,1.21,0.36,0.47,-694,-14,574,0.25,0.25,0,0.0,Afreeca Freecs
184,Tarzan,S9,JUNGLE,88,0.693,6.6,2.5,1.4,6.5,5.5,346,0.725,0.153,257,2.08,0.85,0.49,0.47,396,5,408,0.534,0.023,0,15.0,Griffin
185,UmTi,S9,JUNGLE,26,0.385,2.5,1.7,2.5,4.5,5.1,312,0.634,0.123,193,2.03,0.82,0.58,0.41,16,2,-42,0.269,0.115,0,2.0,KT Rolster
186,bono,S9,JUNGLE,85,0.471,2.6,1.5,2.7,5.6,4.4,297,0.696,0.128,202,2.1,0.98,0.49,0.46,-197,-5,-227,0.376,0.118,0,5.0,Hanwha Life eSports
187,ALL IN,S9,MID,15,0.4,2.3,1.5,3.1,5.5,7.8,350,0.596,0.214,331,1.13,0.6,0.24,0.39,-433,-10,-382,0.133,0.067,1,1.0,Afreeca Freecs
188,Bdd,S9,MID,91,0.374,3.4,3.0,2.1,4.4,8.6,385,0.702,0.267,424,1.04,0.52,0.23,0.22,68,1,-4,0.264,0.099,0,24.0,KT Rolster
189,Brook,S9,MID,6,0.333,1.3,1.2,2.5,2.2,8.2,346,0.415,0.183,247,0.89,0.57,0.17,0.29,-471,-18,-294,0.0,0.333,0,0.0,Afreeca Freecs
190,Chovy,S9,MID,88,0.693,6.6,2.9,1.1,4.7,10.1,429,0.594,0.242,409,1.18,0.47,0.33,0.18,435,10,406,0.261,0.034,0,26.0,Griffin
191,Cover,S9,MID,7,0.714,2.1,1.7,3.4,5.6,7.8,362,0.616,0.22,368,1.86,0.82,0.56,0.25,-19,3,38,0.286,0.286,0,1.0,APK Prince
192,Dove,S9,MID,99,0.576,4.0,2.7,1.8,4.5,8.7,391,0.687,0.258,445,1.09,0.44,0.29,0.23,-15,3,104,0.182,0.061,0,17.0,Sandbox Gaming
193,Faker,S9,MID,105,0.705,4.0,2.7,1.9,4.9,9.1,405,0.6,0.255,449,1.2,0.53,0.28,0.22,94,4,14,0.248,0.076,0,29.0,SK Telecom T1
194,Fly,S9,MID,57,0.439,2.9,1.5,2.0,4.2,8.2,354,0.612,0.244,366,1.07,0.5,0.23,0.24,-234,-9,-77,0.123,0.105,0,1.0,Gen.G eSports
195,Ggoong,S9,MID,6,0.167,3.9,0.8,1.7,5.7,6.9,313,0.65,0.257,409,1.1,0.48,0.28,0.16,-367,-9,-31,0.167,0.167,0,0.0,Team Dynamics
196,Gori,S9,MID,1,0.0,1.0,2.0,3.0,1.0,8.7,354,0.75,0.253,228,1.45,0.63,0.39,0.2,-783,1,-685,0.0,0.0,0,0.0,SK Telecom T1
197,Kuzan,S9,MID,30,0.433,4.7,2.2,1.4,4.3,8.8,380,0.672,0.256,424,1.1,0.44,0.34,0.16,-60,0,-134,0.133,0.133,0,1.0,ES Sharks
198,Kuzan,S9,MID,30,0.433,4.7,2.2,1.4,4.3,8.8,380,0.672,0.256,424,1.1,0.44,0.34,0.16,-60,0,-134,0.133,0.133,0,1.0,Gen.G eSports
199,Lava,S9,MID,44,0.341,2.6,2.5,2.2,3.2,8.3,372,0.685,0.282,389,1.1,0.48,0.29,0.26,-223,-6,-353,0.227,0.114,0,8.0,Hanwha Life eSports
200,Naehyun,S9,MID,62,0.516,4.3,2.8,1.8,4.9,8.6,391,0.635,0.218,372,1.17,0.56,0.23,0.26,-112,-5,43,0.161,0.048,0,1.0,Kingzone DragonX
201,PawN,S9,MID,42,0.69,4.8,3.1,1.7,5.3,8.7,408,0.645,0.223,408,1.29,0.58,0.31,0.34,85,-8,12,0.19,0.119,0,11.0,Kingzone DragonX
202,Rich,S9,MID,5,0.4,1.4,1.6,3.6,3.4,7.7,351,0.59,0.2,314,1.21,0.47,0.34,0.15,-1231,-28,-604,0.4,0.2,0,2.0,Gen.G eSports
203,Ruby,S9,MID,5,0.4,2.3,2.2,2.4,3.4,9.1,385,0.704,0.251,382,0.79,0.33,0.25,0.1,-64,-2,248,0.0,0.0,0,1.0,VSG
204,ShowMaker,S9,MID,100,0.58,5.4,3.3,1.6,5.5,9.1,413,0.691,0.242,440,1.16,0.52,0.27,0.24,91,2,33,0.11,0.08,1,15.0,DAMWON Gaming
205,Tempt,S9,MID,49,0.551,5.3,3.0,1.5,5.1,8.7,392,0.665,0.272,461,1.19,0.5,0.29,0.27,228,4,64,0.306,0.061,0,11.0,Hanwha Life eSports
206,Ucal,S9,MID,75,0.453,2.8,2.4,2.5,4.7,8.4,377,0.638,0.231,385,1.08,0.55,0.23,0.28,174,6,-43,0.213,0.067,0,9.0,Afreeca Freecs
207,reM,S9,MID,2,0.0,1.3,1.5,3.0,2.5,9.2,375,0.575,0.29,466,0.76,0.43,0.15,0.15,-220,-4,-416,0.0,0.0,0,0.0,VSG
208,Aiming,S9,ADC,82,0.463,4.2,3.5,1.8,4.1,9.7,441,0.69,0.321,533,1.38,0.46,0.44,0.14,85,-1,53,0.195,0.073,0,7.0,Afreeca Freecs
209,Deft,S9,ADC,104,0.587,4.3,3.4,2.0,5.3,9.7,440,0.693,0.327,580,1.41,0.55,0.39,0.22,107,2,19,0.212,0.087,0,7.0,Kingzone DragonX
210,Gango,S9,ADC,16,0.25,2.4,2.5,2.8,4.3,9.4,406,0.653,0.266,420,0.97,0.36,0.3,0.13,-304,-4,-115,0.188,0.063,0,0.0,KT Rolster
211,Ghost,S9,ADC,99,0.576,3.9,2.7,1.9,4.6,9.7,430,0.644,0.259,458,1.3,0.5,0.38,0.2,-75,0,-6,0.141,0.081,0,5.0,Sandbox Gaming
212,Light,S9,ADC,17,0.294,2.4,2.9,3.2,4.7,9.4,417,0.728,0.276,483,1.07,0.36,0.36,0.12,-443,-5,-292,0.294,0.235,1,2.0,ES Sharks
213,Light,S9,ADC,17,0.294,2.4,2.9,3.2,4.7,9.4,417,0.728,0.276,483,1.07,0.36,0.36,0.12,-443,-5,-292,0.294,0.235,1,2.0,Team Dynamics
214,Moo,S9,ADC,1,0.0,0.6,2.0,7.0,2.0,9.1,365,0.5,0.236,429,1.15,0.47,0.5,0.25,-1074,-14,-1681,0.0,0.0,0,0.0,VSG
215,Nuclear,S9,ADC,99,0.576,5.3,3.1,1.6,5.3,9.8,436,0.665,0.249,449,1.3,0.41,0.41,0.13,-160,-5,-16,0.131,0.061,0,3.0,DAMWON Gaming
216,PraY,S9,ADC,44,0.364,2.7,2.3,2.2,3.6,9.6,419,0.581,0.261,393,1.28,0.49,0.41,0.16,-222,-2,69,0.25,0.023,0,3.0,KT Rolster
217,Prince,S9,ADC,1,1.0,2.0,2.0,2.0,2.0,9.8,428,0.5,0.337,609,1.54,0.54,0.49,0.29,-888,-6,254,0.0,0.0,0,0.0,DAMWON Gaming
218,Route,S9,ADC,93,0.161,2.4,2.5,2.2,2.8,9.9,417,0.651,0.298,458,1.37,0.46,0.45,0.2,-16,-1,-62,0.194,0.086,0,8.0,Jin Air Green Wings
219,Ruler,S9,ADC,88,0.455,4.7,3.3,1.5,3.6,10.5,453,0.755,0.332,514,1.64,0.51,0.54,0.21,190,2,-19,0.352,0.045,0,5.0,Gen.G eSports
220,Sangyoon,S9,ADC,93,0.452,4.3,2.9,1.5,3.8,10.1,433,0.644,0.299,475,1.2,0.35,0.38,0.12,-112,-1,-18,0.151,0.075,0,0.0,Hanwha Life eSports
221,Ssol,S9,ADC,9,0.222,2.3,2.2,2.9,4.3,10.0,412,0.618,0.28,485,1.28,0.38,0.49,0.14,-636,-9,-597,0.111,0.222,0,1.0,Afreeca Freecs
222,Stitch,S9,ADC,3,0.0,0.5,0.3,2.0,0.7,9.2,359,0.262,0.264,288,1.21,0.39,0.4,0.13,-634,-11,-386,0.0,0.0,0,0.0,Jin Air Green Wings
223,Teddy,S9,ADC,106,0.698,7.8,3.8,1.0,3.9,10.8,466,0.623,0.304,544,1.33,0.45,0.4,0.17,83,5,8,0.189,0.057,0,9.0,SK Telecom T1
224,Trigger,S9,ADC,7,0.714,7.4,2.7,1.0,4.7,9.2,415,0.571,0.217,369,1.42,0.44,0.5,0.17,-612,-11,-225,0.286,0.0,0,0.0,APK Prince
225,Veritas,S9,ADC,6,0.333,3.0,2.7,1.8,2.8,9.8,412,0.742,0.318,458,1.16,0.42,0.33,0.2,7,2,64,0.167,0.167,0,1.0,VSG
226,Viper,S9,ADC,88,0.693,7.5,3.6,1.0,4.3,10.5,464,0.63,0.286,484,1.46,0.44,0.43,0.11,376,5,131,0.341,0.057,1,3.0,Griffin
227,Zenit,S9,ADC,31,0.452,3.3,2.9,2.3,4.5,9.5,415,0.708,0.285,497,1.09,0.36,0.3,0.18,-87,1,92,0.258,0.065,0,2.0,KT Rolster
228,BeryL,S9,SUPPORT,69,0.609,3.2,0.6,2.8,8.2,1.9,257,0.674,0.077,143,2.58,1.71,0.43,0.55,-66,1,-28,0.145,0.159,0,1.0,DAMWON Gaming
229,Effort,S9,SUPPORT,40,0.775,5.5,0.3,1.5,7.9,1.7,265,0.641,0.067,120,2.73,1.77,0.34,0.49,-9,-4,-95,0.2,0.05,0,0.0,SK Telecom T1
230,GuGer,S9,SUPPORT,17,0.294,2.8,0.8,2.8,7.1,2.1,254,0.743,0.096,163,2.12,1.45,0.25,0.44,-39,8,117,0.412,0.059,0,1.0,ES Sharks
231,GuGer,S9,SUPPORT,17,0.294,2.8,0.8,2.8,7.1,2.1,254,0.743,0.096,163,2.12,1.45,0.25,0.44,-39,8,117,0.412,0.059,0,1.0,Team Dynamics
232,Hoit,S9,SUPPORT,31,0.516,3.8,0.5,2.2,7.9,1.8,268,0.695,0.069,117,2.75,1.62,0.44,0.46,-105,0,-83,0.194,0.032,0,0.0,DAMWON Gaming
233,Jelly,S9,SUPPORT,23,0.304,2.0,0.4,3.1,6.0,1.7,235,0.605,0.076,115,2.37,1.48,0.32,0.47,-65,-3,-74,0.174,0.13,0,2.0,Afreeca Freecs
234,Joker,S9,SUPPORT,99,0.576,2.3,0.5,3.1,6.5,1.9,262,0.648,0.086,147,2.66,1.75,0.41,0.52,41,1,51,0.172,0.131,0,2.0,Sandbox Gaming
235,KeY,S9,SUPPORT,93,0.452,2.8,0.6,2.5,6.1,1.6,248,0.696,0.079,122,2.63,1.61,0.4,0.5,60,2,-67,0.194,0.14,0,0.0,Hanwha Life eSports
236,Kellin,S9,SUPPORT,62,0.097,1.7,0.3,3.2,4.9,1.3,224,0.618,0.089,133,2.33,1.65,0.29,0.56,-221,-4,-315,0.194,0.161,0,0.0,Jin Air Green Wings
237,Keshi,S9,SUPPORT,62,0.5,2.2,0.6,3.0,6.0,1.3,234,0.584,0.077,121,2.25,1.56,0.27,0.5,-101,1,-10,0.177,0.161,0,0.0,Afreeca Freecs
238,Lehends,S9,SUPPORT,88,0.693,6.2,0.7,1.4,7.9,1.9,272,0.671,0.097,164,2.58,1.55,0.36,0.46,350,4,358,0.352,0.102,0,3.0,Griffin
239,Life,S9,SUPPORT,88,0.455,3.4,0.7,2.0,6.0,1.5,251,0.73,0.094,141,2.37,1.67,0.26,0.45,27,-1,122,0.341,0.068,0,1.0,Gen.G eSports
240,Mata,S9,SUPPORT,66,0.652,3.9,0.6,2.0,7.2,1.6,253,0.639,0.066,113,2.55,1.78,0.36,0.54,-102,-5,22,0.273,0.091,0,1.0,SK Telecom T1
241,Minit,S9,SUPPORT,1,0.0,0.8,0.0,5.0,4.0,1.9,223,0.5,0.058,105,1.9,1.62,0.22,0.44,-536,-6,-1208,0.0,0.0,0,0.0,VSG
242,Nova,S9,SUPPORT,34,0.265,2.0,0.4,2.7,5.0,1.8,239,0.683,0.085,123,2.7,1.67,0.46,0.5,-166,1,-225,0.265,0.147,0,2.0,Jin Air Green Wings
243,Proud,S9,SUPPORT,7,0.286,4.2,0.4,1.9,7.3,1.0,243,0.791,0.067,111,2.55,1.82,0.46,0.56,-739,-11,-509,0.143,0.0,0,0.0,Afreeca Freecs
244,Pure,S9,SUPPORT,6,0.333,2.5,0.7,2.3,5.2,1.6,236,0.69,0.101,156,2.51,1.39,0.36,0.47,27,-8,-185,0.167,0.0,0,0.0,VSG
245,Secret,S9,SUPPORT,7,0.714,3.6,0.9,2.4,8.0,1.4,255,0.695,0.073,123,2.45,1.64,0.42,0.51,152,-4,489,0.429,0.0,0,0.0,APK Prince
246,SnowFlower,S9,SUPPORT,91,0.374,2.4,0.6,2.8,6.3,1.7,245,0.649,0.091,140,2.6,1.52,0.43,0.46,-51,1,-138,0.275,0.099,0,0.0,KT Rolster
247,TusiN,S9,SUPPORT,104,0.587,3.8,0.8,2.2,7.6,1.6,260,0.679,0.082,140,2.51,1.64,0.38,0.51,112,1,58,0.25,0.115,0,3.0,Kingzone DragonX
248,Canna,S10,TOP,99,0.667,5.1,2.8,1.6,5.5,8.3,398,0.639,0.23,421,1.02,0.43,0.19,0.17,100,-1,56,0.242,0.131,0,43.0,T1
249,Chovy,S10,MID,105,0.648,4.4,3.5,1.9,4.8,9.6,426,0.667,0.271,539,1.36,0.46,0.39,0.18,336,15,419,0.162,0.105,0,24.0,DragonX
250,Chovy,S10,MID,105,0.648,4.4,3.5,1.9,4.8,9.6,426,0.667,0.271,539,1.36,0.46,0.39,0.18,336,15,419,0.162,0.105,0,24.0,DragonX
251,CuVee,S10,TOP,56,0.321,1.7,2.1,3.3,3.5,7.6,355,0.589,0.244,404,1.06,0.52,0.22,0.26,-173,-4,-260,0.143,0.179,0,10.0,Hanwha Life eSports
252,Doran,S10,TOP,105,0.648,2.9,2.5,2.6,5.2,8.5,394,0.598,0.208,417,1.01,0.47,0.19,0.17,77,5,102,0.171,0.229,0,33.0,DragonX
253,DuDu,S10,TOP,31,0.226,1.6,2.4,3.6,3.5,8.0,369,0.591,0.237,405,0.93,0.49,0.16,0.23,-113,2,97,0.226,0.226,0,14.0,Hanwha Life eSports
254,Fly,S10,MID,86,0.465,3.3,2.3,2.4,5.4,7.8,360,0.653,0.226,407,1.02,0.46,0.22,0.22,-309,-11,-343,0.209,0.058,0,12.0,Afreeca Freecs
255,Fly,S10,MID,86,0.465,3.3,2.3,2.4,5.4,7.8,360,0.653,0.226,407,1.02,0.46,0.22,0.22,-309,-11,-343,0.209,0.058,0,12.0,Afreeca Freecs
256,Hoya,S10,TOP,8,0.125,1.5,2.1,2.6,1.9,7.5,338,0.445,0.235,348,0.88,0.49,0.12,0.19,-611,-13,-248,0.25,0.25,0,0.0,Griffin
257,Ikssu,S10,TOP,84,0.274,1.6,1.9,3.9,4.2,6.9,333,0.6,0.234,407,0.84,0.42,0.15,0.13,-530,-11,-251,0.167,0.155,0,27.0,SeolHaeOne Prince
258,Kiin,S10,MID,1,0.0,0.5,2.0,4.0,0.0,8.0,343,0.4,0.143,199,0.99,0.3,0.23,0.17,121,2,6,0.0,0.0,0,0.0,Afreeca Freecs
259,Kiin,S10,MID,1,0.0,0.5,2.0,4.0,0.0,8.0,343,0.4,0.143,199,0.99,0.3,0.23,0.17,121,2,6,0.0,0.0,0,0.0,Afreeca Freecs
260,Lonely,S10,TOP,12,0.417,2.6,2.4,3.1,5.5,7.8,361,0.68,0.261,398,1.2,0.56,0.21,0.26,-314,-7,-92,0.167,0.417,0,2.0,Sandbox Gaming
261,Nuguri,S10,TOP,93,0.677,3.3,3.5,2.6,4.8,9.0,437,0.6,0.28,546,1.04,0.41,0.24,0.14,697,9,270,0.29,0.215,0,37.0,DAMWON Gaming
262,Rascal,S10,TOP,101,0.693,3.9,2.8,2.1,5.5,8.2,392,0.588,0.215,401,1,0.44,0.21,0.2,130,2,95,0.287,0.099,0,39.0,Gen.G eSports
263,Ray,S10,TOP,6,0.333,1.8,2.2,2.8,2.8,7.5,352,0.451,0.188,269,0.92,0.38,0.16,0.25,-793,-25,-589,0.167,0.333,0,1.0,KT Rolster
264,Rich,S10,TOP,48,0.417,2.2,2.7,3.4,4.8,7.9,376,0.664,0.275,495,0.99,0.36,0.24,0.1,-111,-3,-113,0.229,0.229,0,16.0,Team Dynamics
265,Roach,S10,TOP,4,0.5,2.1,3.3,3.3,3.5,7.7,364,0.536,0.177,320,1.1,0.5,0.2,0.15,-492,0,215,0.25,0.0,0,1.0,T1
266,Smeb,S10,SUPPORT,4,0.25,2.0,0.5,3.3,6.0,1.2,207,0.704,0.182,339,2.11,1.24,0.35,0.49,38,3,87,0.25,0.0,0,0.0,KT Rolster
267,Smeb,S10,SUPPORT,4,0.25,2.0,0.5,3.3,6.0,1.2,207,0.704,0.182,339,2.11,1.24,0.35,0.49,38,3,87,0.25,0.0,0,0.0,KT Rolster
268,Smeb,S10,SUPPORT,4,0.25,2.0,0.5,3.3,6.0,1.2,207,0.704,0.182,339,2.11,1.24,0.35,0.49,38,3,87,0.25,0.0,0,0.0,KT Rolster
269,SoHwan,S10,TOP,62,0.484,2.6,1.7,2.1,3.9,8.0,364,0.56,0.215,370,1.08,0.52,0.19,0.23,-275,-5,-199,0.145,0.161,1,9.0,KT Rolster
270,Summit,S10,TOP,81,0.407,2.0,2.0,3.1,4.2,8.3,374,0.608,0.264,451,1.15,0.46,0.3,0.24,43,4,11,0.272,0.173,0,14.0,Sandbox Gaming
271,Sw0rd,S10,TOP,32,0.344,1.9,1.5,2.7,3.6,7.3,339,0.512,0.21,309,1.04,0.49,0.22,0.19,-418,-15,-129,0.219,0.094,0,6.0,Griffin
272,Thal,S10,TOP,8,0.25,1.8,1.8,2.8,3.1,7.5,347,0.675,0.208,328,0.9,0.36,0.18,0.16,-418,-6,-251,0.125,0.0,0,1.0,ESC Shane
273,Untara,S10,TOP,10,0.5,2.1,1.1,2.2,3.6,7.2,330,0.52,0.216,359,0.91,0.41,0.12,0.19,-468,-2,-47,0.1,0.1,0,0.0,Griffin
274,Beyond,S10,JUNGLE,48,0.417,2.8,1.6,2.8,6.2,5.1,301,0.696,0.114,207,1.53,0.47,0.46,0.4,-259,-1,-219,0.208,0.125,0,1.0,Team Dynamics
275,CAD,S10,JUNGLE,16,0.25,2.0,2.1,4.2,6.3,4.1,279,0.79,0.114,204,1.19,0.52,0.3,0.48,-324,-8,-428,0.375,0.188,0,3.0,Hanwha Life eSports
276,Canyon,S10,JUNGLE,93,0.677,4.4,2.2,2.1,6.9,5.7,341,0.674,0.134,266,1.77,0.62,0.46,0.37,319,6,291,0.452,0.075,1,14.0,DAMWON Gaming
277,Clid,S10,JUNGLE,101,0.693,5.1,2.6,1.9,7.0,5.6,342,0.689,0.136,262,2.04,0.71,0.56,0.38,219,-1,110,0.396,0.059,0,14.0,Gen.G eSports
278,Cuzz,S10,JUNGLE,80,0.688,5.7,1.9,1.5,6.5,5.7,326,0.705,0.15,269,2.08,0.69,0.56,0.36,149,6,277,0.413,0.075,0,5.0,T1
279,Dread,S10,JUNGLE,19,0.263,1.8,1.7,3.1,3.9,5.3,305,0.686,0.136,229,1.73,0.59,0.48,0.35,-104,-5,-88,0.474,0.105,0,1.0,Afreeca Freecs
280,Ellim,S10,JUNGLE,23,0.565,5.7,2.3,1.9,8.3,5.2,325,0.72,0.119,216,1.57,0.53,0.37,0.41,-2,-4,-16,0.435,0.13,0,1.0,T1
281,Flawless,S10,JUNGLE,75,0.307,2.1,1.9,3.2,4.8,5.1,305,0.695,0.133,234,1.87,0.68,0.56,0.44,-232,-2,-167,0.333,0.093,0,7.0,SeolHaeOne Prince
282,Haru,S10,JUNGLE,61,0.328,2.3,1.8,2.8,4.6,5.5,314,0.678,0.136,228,1.71,0.67,0.44,0.41,-56,0,-41,0.279,0.115,0,4.0,Hanwha Life eSports
283,KaKAO,S10,JUNGLE,8,0.25,1.9,1.5,2.8,3.8,5.3,302,0.8,0.161,248,0.91,0.25,0.21,0.23,54,13,465,0.25,0.25,0,1.0,ESC Shane
284,Kuma,S10,JUNGLE,9,0.0,1.5,1.6,3.7,4.0,5.3,301,0.578,0.177,298,1.38,0.54,0.42,0.37,-349,-3,-189,0.333,0.222,0,1.0,SeolHaeOne Prince
285,Malrang,S10,JUNGLE,15,0.267,2.0,1.7,3.4,5.1,5.3,309,0.751,0.133,236,1.73,0.66,0.43,0.43,-399,-3,-290,0.333,0.4,0,1.0,KT Rolster
286,OnFleek,S10,JUNGLE,78,0.397,3.1,2.1,2.4,5.4,5.5,318,0.722,0.126,218,1.98,0.63,0.65,0.4,-39,-5,-175,0.308,0.064,0,9.0,Sandbox Gaming
287,Punch,S10,JUNGLE,15,0.467,4.0,1.7,2.0,6.3,5.0,298,0.795,0.121,196,1.83,0.65,0.51,0.44,-16,3,9,0.467,0.067,0,0.0,Sandbox Gaming
288,Pyosik,S10,JUNGLE,108,0.648,4.3,2.5,2.2,6.7,5.9,340,0.71,0.146,293,1.71,0.54,0.47,0.3,128,5,284,0.315,0.093,0,10.0,DragonX
289,Spirit,S10,JUNGLE,81,0.506,3.5,2.1,2.5,6.5,5.2,313,0.696,0.144,261,2.2,0.74,0.67,0.39,-150,-3,-209,0.407,0.099,0,12.0,Afreeca Freecs
290,Tarzan,S10,JUNGLE,50,0.34,2.9,1.5,2.1,4.5,5.0,292,0.67,0.13,198,1.83,0.72,0.48,0.44,-183,-5,-232,0.4,0.06,0,2.0,Griffin
291,YoungJae,S10,JUNGLE,10,0.1,1.4,1.9,4.5,4.3,4.6,291,0.668,0.117,202,1.51,0.56,0.45,0.54,-657,-15,-912,0.4,0.2,0,0.0,Hanwha Life eSports
292,bono,S10,JUNGLE,80,0.488,3.5,1.7,2.2,5.9,5.3,313,0.727,0.123,215,1.86,0.62,0.5,0.43,39,0,-32,0.438,0.088,0,6.0,KT Rolster
293,ALL IN,S10,MID,13,0.462,4.4,3.3,1.5,3.4,8.1,369,0.599,0.218,354,0.93,0.57,0.15,0.3,-404,-18,-598,0.308,0.0,0,2.0,Afreeca Freecs
294,Bdd,S10,MID,101,0.693,6.1,3.6,1.6,6.1,8.6,409,0.685,0.262,495,1.09,0.51,0.23,0.26,293,4,159,0.297,0.069,0,19.0,Gen.G eSports
295,Clozer,S10,MID,15,0.8,5.7,4.0,1.5,4.7,9.0,413,0.583,0.252,471,0.97,0.41,0.14,0.16,264,1,283,0.2,0.133,0,7.0,T1
296,Cover,S10,MID,25,0.52,2.4,2.2,3.0,5.0,8.7,384,0.526,0.253,474,0.95,0.33,0.26,0.19,-50,4,-69,0.08,0.04,0,2.0,SeolHaeOne Prince
297,DanChung,S10,MID,8,0.25,1.7,1.1,3.4,4.5,7.1,323,0.711,0.237,376,1.08,0.47,0.2,0.19,-1132,-26,-656,0.125,0.375,0,0.0,ESC Shane
298,Dove,S10,MID,46,0.348,2.8,2.1,2.0,3.6,8.5,374,0.605,0.256,408,1.06,0.5,0.25,0.23,-140,-4,-144,0.152,0.152,0,5.0,Sandbox Gaming
299,FATE,S10,MID,47,0.468,4.6,3.6,1.8,4.6,8.9,409,0.699,0.295,535,1.12,0.51,0.22,0.22,122,2,115,0.17,0.064,0,12.0,Sandbox Gaming
300,Faker,S10,MID,88,0.636,5.4,2.9,1.5,5.4,9.0,407,0.676,0.264,473,1.26,0.53,0.27,0.22,197,2,85,0.227,0.102,0,11.0,T1
301,Keine,S10,MID,26,0.192,2.3,2.1,2.5,3.8,8.3,357,0.595,0.251,447,1.18,0.59,0.24,0.28,-219,-5,-292,0.115,0.077,0,3.0,SeolHaeOne Prince
302,Kuzan,S10,MID,48,0.417,3.8,2.9,2.0,4.6,8.7,388,0.671,0.251,458,1.25,0.51,0.3,0.25,-63,3,-82,0.146,0.104,0,6.0,Team Dynamics
303,Lava,S10,SUPPORT,1,1.0,3.3,4.0,3.0,6.0,1.5,297,0.714,0.166,342,2.79,1.26,0.82,0.27,78,-10,241,0.0,0.0,0,0.0,Hanwha Life eSports
304,Lava,S10,SUPPORT,1,1.0,3.3,4.0,3.0,6.0,1.5,297,0.714,0.166,342,2.79,1.26,0.82,0.27,78,-10,241,0.0,0.0,0,0.0,Hanwha Life eSports
305,Lava,S10,SUPPORT,1,1.0,3.3,4.0,3.0,6.0,1.5,297,0.714,0.166,342,2.79,1.26,0.82,0.27,78,-10,241,0.0,0.0,0,0.0,Hanwha Life eSports
306,Mickey,S10,MID,33,0.152,1.6,2.0,3.2,3.0,8.2,358,0.68,0.258,406,1.05,0.48,0.28,0.24,-503,-8,-261,0.303,0.061,0,12.0,SeolHaeOne Prince
307,Mireu,S10,MID,28,0.25,2.0,2.2,3.1,4.1,8.3,365,0.582,0.235,394,0.96,0.52,0.18,0.25,-547,-13,-305,0.214,0.071,0,6.0,Hanwha Life eSports
308,Quad,S10,MID,3,0.667,5.8,5.0,1.7,4.7,7.8,385,0.728,0.248,449,1.64,0.67,0.47,0.23,-256,-16,-644,0.0,0.333,0,0.0,DragonX
309,ShowMaker,S10,MID,93,0.677,7.4,3.5,1.3,6.1,8.8,416,0.707,0.259,513,1.19,0.47,0.21,0.21,293,3,118,0.247,0.022,1,18.0,DAMWON Gaming
310,Tempt,S10,MID,39,0.385,2.9,2.3,2.2,4.3,8.7,374,0.674,0.267,450,1.15,0.59,0.23,0.32,-175,-3,-88,0.231,0.077,0,2.0,Hanwha Life eSports
311,Ucal,S10,MID,69,0.348,3.0,2.3,2.2,4.2,8.7,375,0.67,0.255,421,1.04,0.43,0.28,0.21,-98,2,-66,0.29,0.116,0,10.0,Griffin
312,Ucal,S10,MID,69,0.348,3.0,2.3,2.2,4.2,8.7,375,0.67,0.255,421,1.04,0.43,0.28,0.21,-98,2,-66,0.29,0.116,0,10.0,KT Rolster
313,kurO,S10,MID,75,0.48,4.2,2.1,1.6,4.7,8.2,370,0.67,0.243,422,1.24,0.54,0.28,0.25,-76,-4,82,0.227,0.053,0,7.0,KT Rolster
314,Aiming,S10,SUPPORT,7,0.857,15.4,2.9,0.7,8.1,2.2,326,0.866,0.251,446,3.52,1.34,0.92,0.2,847,2,720,0.429,0.0,0,0.0,KT Rolster
315,Aiming,S10,SUPPORT,7,0.857,15.4,2.9,0.7,8.1,2.2,326,0.866,0.251,446,3.52,1.34,0.92,0.2,847,2,720,0.429,0.0,0,0.0,KT Rolster
316,BeryL,S10,SUPPORT,69,0.725,3.7,1.0,2.4,7.8,1.4,248,0.614,0.08,164,3.03,1.75,0.55,0.5,92,5,-10,0.188,0.072,0,0.0,DAMWON Gaming
317,BeryL,S10,SUPPORT,69,0.725,3.7,1.0,2.4,7.8,1.4,248,0.614,0.08,164,3.03,1.75,0.55,0.5,92,5,-10,0.188,0.072,0,0.0,DAMWON Gaming
318,Deft,S10,SUPPORT,4,0.75,9.0,3.3,1.0,5.8,2.1,317,0.611,0.237,476,2.43,1.15,0.51,0.23,598,-6,404,0.25,0.0,0,0.0,DragonX
319,Deft,S10,SUPPORT,4,0.75,9.0,3.3,1.0,5.8,2.1,317,0.611,0.237,476,2.43,1.15,0.51,0.23,598,-6,404,0.25,0.0,0,0.0,DragonX
320,Effort,S10,SUPPORT,98,0.673,4.0,0.9,2.2,8.1,1.2,238,0.697,0.068,121,3.02,1.89,0.48,0.53,136,1,20,0.327,0.061,0,2.0,T1
321,Effort,S10,SUPPORT,98,0.673,4.0,0.9,2.2,8.1,1.2,238,0.697,0.068,121,3.02,1.89,0.48,0.53,136,1,20,0.327,0.061,0,2.0,T1
322,Ghost,S10,SUPPORT,10,0.7,7.1,1.4,1.6,9.9,1.3,288,0.755,0.152,303,2.51,1.27,0.47,0.3,815,-3,491,0.3,0.1,0,0.0,DAMWON Gaming
323,Ghost,S10,SUPPORT,10,0.7,7.1,1.4,1.6,9.9,1.3,288,0.755,0.152,303,2.51,1.27,0.47,0.3,815,-3,491,0.3,0.1,0,0.0,DAMWON Gaming
324,GorillA,S10,SUPPORT,80,0.425,2.7,0.4,2.6,6.6,0.9,216,0.654,0.073,123,2.17,1.61,0.22,0.51,-153,-1,-31,0.2,0.138,0,1.0,Sandbox Gaming
325,GorillA,S10,SUPPORT,80,0.425,2.7,0.4,2.6,6.6,0.9,216,0.654,0.073,123,2.17,1.61,0.22,0.51,-153,-1,-31,0.2,0.138,0,1.0,Sandbox Gaming
326,GuGer,S10,SUPPORT,47,0.404,2.5,1.0,2.9,6.3,1.3,233,0.634,0.109,188,2.84,1.78,0.41,0.49,-68,2,4,0.085,0.106,0,0.0,Team Dynamics
327,GuGer,S10,SUPPORT,47,0.404,2.5,1.0,2.9,6.3,1.3,233,0.634,0.109,188,2.84,1.78,0.41,0.49,-68,2,4,0.085,0.106,0,0.0,Team Dynamics
328,Gumayusi,S10,ADC,7,0.429,3.9,4.3,2.6,5.9,10.0,453,0.672,0.242,437,1.33,0.51,0.35,0.23,746,3,287,0.571,0.0,0,0.0,T1
329,HyBrid,S10,ADC,65,0.323,2.7,3.8,2.5,2.9,10.0,431,0.627,0.294,527,1.09,0.33,0.4,0.08,-300,-7,-400,0.215,0.046,3,8.0,SeolHaeOne Prince
330,Jelly,S10,SUPPORT,43,0.419,2.5,0.9,2.9,6.3,1.0,223,0.65,0.089,155,2.44,1.54,0.32,0.5,-133,0,-73,0.163,0.093,0,0.0,Afreeca Freecs
331,Jelly,S10,SUPPORT,43,0.419,2.5,0.9,2.9,6.3,1.0,223,0.65,0.089,155,2.44,1.54,0.32,0.5,-133,0,-73,0.163,0.093,0,0.0,Afreeca Freecs
332,Kabbie,S10,SUPPORT,46,0.348,2.2,0.4,2.7,5.4,1.0,212,0.631,0.075,112,2.55,1.81,0.34,0.57,-130,2,-332,0.261,0.152,0,1.0,Griffin
333,Kabbie,S10,SUPPORT,46,0.348,2.2,0.4,2.7,5.4,1.0,212,0.631,0.075,112,2.55,1.81,0.34,0.57,-130,2,-332,0.261,0.152,0,1.0,Griffin
334,Kabbie,S10,SUPPORT,46,0.348,2.2,0.4,2.7,5.4,1.0,212,0.631,0.075,112,2.55,1.81,0.34,0.57,-130,2,-332,0.261,0.152,0,1.0,Sandbox Gaming
335,Keria,S10,SUPPORT,104,0.644,4.3,0.8,2.2,8.6,1.1,238,0.701,0.089,184,2.65,1.72,0.41,0.59,105,-2,7,0.26,0.106,0,0.0,DragonX
336,Keria,S10,SUPPORT,104,0.644,4.3,0.8,2.2,8.6,1.1,238,0.701,0.089,184,2.65,1.72,0.41,0.59,105,-2,7,0.26,0.106,0,0.0,DragonX
337,Lehends,S10,SUPPORT,83,0.265,2.5,0.6,2.7,6.4,1.1,220,0.713,0.089,148,2.61,1.66,0.38,0.53,-130,0,-25,0.217,0.096,0,5.0,Hanwha Life eSports
338,Lehends,S10,SUPPORT,83,0.265,2.5,0.6,2.7,6.4,1.1,220,0.713,0.089,148,2.61,1.66,0.38,0.53,-130,0,-25,0.217,0.096,0,5.0,Hanwha Life eSports
339,Life,S10,SUPPORT,75,0.72,4.5,0.8,2.2,8.9,1.0,238,0.618,0.082,164,2.55,1.59,0.35,0.48,41,-2,-59,0.307,0.067,0,1.0,Gen.G eSports
340,Life,S10,SUPPORT,75,0.72,4.5,0.8,2.2,8.9,1.0,238,0.618,0.082,164,2.55,1.59,0.35,0.48,41,-2,-59,0.307,0.067,0,1.0,Gen.G eSports
341,Mystic,S10,SUPPORT,3,0.333,2.8,2.0,3.0,6.3,1.9,265,0.882,0.254,413,2.82,0.99,0.96,0.18,162,8,505,0.333,0.333,0,0.0,Afreeca Freecs
342,Mystic,S10,SUPPORT,3,0.333,2.8,2.0,3.0,6.3,1.9,265,0.882,0.254,413,2.82,0.99,0.96,0.18,162,8,505,0.333,0.333,0,0.0,Afreeca Freecs
343,Nuclear,S10,SUPPORT,1,1.0,10.0,1.0,1.0,9.0,2.8,310,0.833,0.209,363,3.33,1.04,1.07,0.23,572,7,563,0.0,0.0,0,0.0,DAMWON Gaming
344,Nuclear,S10,SUPPORT,1,1.0,10.0,1.0,1.0,9.0,2.8,310,0.833,0.209,363,3.33,1.04,1.07,0.23,572,7,563,0.0,0.0,0,0.0,DAMWON Gaming
345,Route,S10,SUPPORT,4,0.5,7.8,1.5,1.0,6.3,2.1,272,0.818,0.257,442,2.86,1.07,0.75,0.35,338,-3,239,0.0,0.25,0,0.0,Sandbox Gaming
346,Route,S10,SUPPORT,4,0.5,7.8,1.5,1.0,6.3,2.1,272,0.818,0.257,442,2.86,1.07,0.75,0.35,338,-3,239,0.0,0.25,0,0.0,Sandbox Gaming
347,Ruler,S10,SUPPORT,5,0.6,5.7,2.0,1.4,6.0,2.1,299,0.68,0.269,441,2.58,1.12,0.83,0.28,707,-3,668,0.0,0.0,0,0.0,Gen.G eSports
348,Ruler,S10,SUPPORT,5,0.6,5.7,2.0,1.4,6.0,2.1,299,0.68,0.269,441,2.58,1.12,0.83,0.28,707,-3,668,0.0,0.0,0,0.0,Gen.G eSports
349,Sangyoon,S10,ADC,8,0.25,2.3,2.3,2.0,2.3,9.6,402,0.597,0.3,463,1.27,0.39,0.37,0.16,-215,2,-271,0.0,0.0,0,0.0,ESC Shane
350,Sangyoon,S10,ADC,8,0.25,2.3,2.3,2.0,2.3,9.6,402,0.597,0.3,463,1.27,0.39,0.37,0.16,-215,2,-271,0.0,0.0,0,0.0,ESC Shane
351,Ssol,S10,ADC,4,0.25,2.6,2.8,1.8,1.8,8.8,379,0.495,0.277,534,1.22,0.3,0.48,0.13,-692,-6,-225,0.25,0.0,0,0.0,Afreeca Freecs
352,Teddy,S10,SUPPORT,3,0.333,7.0,1.3,1.0,5.7,2.4,278,0.617,0.184,305,3.19,1.12,1.03,0.22,126,-2,417,0.0,0.0,0,0.0,T1
353,Teddy,S10,SUPPORT,3,0.333,7.0,1.3,1.0,5.7,2.4,278,0.617,0.184,305,3.19,1.12,1.03,0.22,126,-2,417,0.0,0.0,0,0.0,T1
354,Trigger,S10,ADC,19,0.105,1.6,2.2,3.4,3.2,8.5,367,0.549,0.263,443,1.25,0.41,0.34,0.15,-307,-5,-132,0.211,0.0,0,4.0,SeolHaeOne Prince
355,TusiN,S10,SUPPORT,84,0.429,2.9,0.4,2.5,7.0,1.1,227,0.729,0.081,142,2.56,1.73,0.38,0.52,86,1,177,0.238,0.131,0,0.0,KT Rolster
356,TusiN,S10,SUPPORT,84,0.429,2.9,0.4,2.5,7.0,1.1,227,0.729,0.081,142,2.56,1.73,0.38,0.52,86,1,177,0.238,0.131,0,0.0,KT Rolster
357,Viper,S10,SUPPORT,2,0.0,1.0,1.0,3.5,2.5,1.3,237,0.607,0.256,375,2.27,1.21,0.57,0.21,-101,-4,398,0.5,0.0,0,0.0,Griffin
358,Viper,S10,SUPPORT,2,0.0,1.0,1.0,3.5,2.5,1.3,237,0.607,0.256,375,2.27,1.21,0.57,0.21,-101,-4,398,0.5,0.0,0,0.0,Griffin
359,Viper,S10,SUPPORT,2,0.0,1.0,1.0,3.5,2.5,1.3,237,0.607,0.256,375,2.27,1.21,0.57,0.21,-101,-4,398,0.5,0.0,0,0.0,Hanwha Life eSports
360,Vsta,S10,SUPPORT,3,0.667,21.0,1.7,0.3,5.3,1.3,257,0.845,0.202,397,2.64,1.27,0.65,0.28,141,-13,128,0.333,0.0,0,0.0,Hanwha Life eSports
361,Vsta,S10,SUPPORT,3,0.667,21.0,1.7,0.3,5.3,1.3,257,0.845,0.202,397,2.64,1.27,0.65,0.28,141,-13,128,0.333,0.0,0,0.0,Hanwha Life eSports
362,Zenit,S10,ADC,5,0.2,1.6,0.8,3.4,4.6,8.0,347,0.568,0.26,473,0.99,0.37,0.21,0.19,-1035,-18,-658,0.0,0.0,0,0.0,Hanwha Life eSports
363,deokdam,S10,SUPPORT,1,1.0,7.0,2.0,3.0,19.0,1.2,263,0.778,0.157,429,2.38,1.36,0.46,0.41,416,-3,141,0.0,0.0,0,0.0,Team Dynamics
364,deokdam,S10,SUPPORT,1,1.0,7.0,2.0,3.0,19.0,1.2,263,0.778,0.157,429,2.38,1.36,0.46,0.41,416,-3,141,0.0,0.0,0,0.0,Team Dynamics
365,Ben,S10,SUPPORT,54,0.5,2.9,0.4,2.7,7.3,0.9,219,0.642,0.079,141,2.3,1.5,0.28,0.51,-192,-3,-75,0.204,0.111,0,0.0,Afreeca Freecs
366,Hoit,S10,SUPPORT,13,0.385,2.7,0.5,2.2,5.4,1.1,225,0.624,0.092,159,2.8,1.62,0.48,0.49,34,-1,-17,0.308,0.0,0,0.0,DAMWON Gaming
367,Joker,S10,SUPPORT,6,0.167,1.8,0.3,3.0,5.0,1.1,213,0.44,0.068,106,2.83,1.91,0.4,0.53,88,6,12,0.0,0.0,0,0.0,Sandbox Gaming
368,Kellin,S10,SUPPORT,21,0.619,4.4,0.4,1.6,6.7,0.9,224,0.624,0.06,102,2.49,1.8,0.27,0.55,39,0,-197,0.381,0.0,0,0.0,Gen.G eSports
369,Kuri,S10,SUPPORT,2,0.5,1.3,0.0,3.5,4.5,0.7,209,0.31,0.05,94,2.39,2.04,0.15,0.57,-274,-7,-435,0.0,0.0,0,0.0,T1
370,Mia,S10,SUPPORT,17,0.176,1.3,0.8,4.6,5.4,1.2,218,0.554,0.107,198,2.9,1.93,0.5,0.57,-140,-1,-128,0.235,0.176,0,0.0,SeolHaeOne Prince
371,Nova,S10,SUPPORT,8,0.25,1.4,0.6,3.1,3.6,1.1,211,0.612,0.093,153,2.57,1.56,0.42,0.48,-415,-1,-139,0.0,0.125,0,0.0,ESC Shane
372,Nova,S10,SUPPORT,8,0.25,1.4,0.6,3.1,3.6,1.1,211,0.612,0.093,153,2.57,1.56,0.42,0.48,-415,-1,-139,0.0,0.125,0,0.0,ESC Shane
373,Secret,S10,SUPPORT,67,0.299,2.1,0.3,3.1,6.1,1.0,215,0.622,0.081,139,2.39,1.63,0.32,0.49,-187,0,17,0.239,0.119,0,0.0,SeolHaeOne Prince
374,Wadid,S10,SUPPORT,4,0.25,2.6,0.3,2.0,5.0,0.8,202,0.754,0.04,59,2.23,1.53,0.14,0.45,59,3,-288,0.5,0.0,0,0.0,Griffin
375,Burdol,S11,TOP,6,0.5,2.5,4.5,3.3,3.8,8.3,421,0.689,0.262,454,0.8,0.26,0.18,0.1,-250,-12,-320,0.167,0.333,0,6.0,Gen.G eSports
376,Canna,S11,TOP,92,0.576,3.1,3.1,2.5,4.9,8.3,402,0.631,0.248,464,1.08,0.39,0.24,0.22,288,4,157,0.315,0.174,0,34.0,T1
377,Doran,S11,TOP,91,0.429,2.8,2.4,2.6,4.9,8.5,391,0.62,0.275,493,1.07,0.48,0.24,0.24,183,8,142,0.165,0.187,0,32.0,KT Rolster
378,DuDu,S11,TOP,29,0.345,2.4,2.5,2.7,3.9,8.3,387,0.569,0.224,419,1.05,0.45,0.22,0.23,-160,-2,-151,0.276,0.069,0,7.0,Hanwha Life eSports
379,Hoya,S11,TOP,87,0.368,2.3,1.8,2.5,4.0,7.5,349,0.558,0.227,375,1.11,0.48,0.22,0.27,-570,-10,-199,0.149,0.161,0,19.0,Fredit BRION
380,Khan,S11,TOP,99,0.747,3.4,2.6,2.7,6.7,7.7,390,0.617,0.246,524,1.11,0.43,0.22,0.23,122,-1,-37,0.202,0.152,0,25.0,DWG KIA
381,Kiin,S11,TOP,92,0.457,2.8,2.3,2.5,4.9,8.5,391,0.588,0.271,504,1.14,0.4,0.28,0.21,313,9,220,0.283,0.109,0,27.0,Afreeca Freecs
382,Morgan,S11,TOP,78,0.564,3.2,2.3,2.4,5.2,7.6,366,0.557,0.194,392,1.13,0.4,0.27,0.25,-439,-10,-223,0.179,0.141,0,13.0,Hanwha Life eSports
383,Rascal,S11,TOP,94,0.606,3.3,2.9,2.4,4.9,8.6,406,0.615,0.227,408,1.1,0.39,0.29,0.23,119,0,97,0.383,0.117,0,47.0,Gen.G eSports
384,Rich,S11,TOP,103,0.485,2.5,2.3,3.0,5.1,7.5,365,0.604,0.256,500,1.06,0.37,0.27,0.15,-418,-10,-321,0.146,0.184,0,27.0,Nongshim RedForce
385,Summit,S11,TOP,94,0.447,2.2,2.6,3.3,4.6,8.4,391,0.626,0.274,486,1.15,0.41,0.31,0.21,284,6,129,0.202,0.117,0,37.0,Liiv SANDBOX
386,Zeus,S11,TOP,19,0.632,3.1,2.2,2.5,5.5,7.7,374,0.624,0.225,421,0.88,0.33,0.18,0.15,91,1,23,0.211,0.053,0,1.0,T1
387,destroy,S11,TOP,1,0.0,0.4,1.0,5.0,1.0,8.9,359,0.5,0.157,237,1.16,0.48,0.26,0.36,-1994,-14,-1250,0.0,1.0,0,0.0,DRX
388,kingen,S11,MID,1,0.0,0.7,1.0,3.0,1.0,8.3,358,0.5,0.153,230,0.74,0.29,0.16,0.16,-969,-32,-842,0.0,0.0,0,0.0,DRX
389,kingen,S11,MID,1,0.0,0.7,1.0,3.0,1.0,8.3,358,0.5,0.153,230,0.74,0.29,0.16,0.16,-969,-32,-842,0.0,0.0,0,0.0,DRX
390,Bonnie,S11,JUNGLE,6,0.333,1.9,2.3,2.8,3.2,5.9,330,0.614,0.149,254,1.92,0.88,0.55,0.36,-565,-11,-655,0.0,0.167,0,1.0,KT Rolster
391,Canyon,S11,MID,10,0.7,4.6,2.3,1.9,6.5,7.8,382,0.672,0.204,382,0.9,0.35,0.21,0.23,-110,-15,-236,0.4,0.1,0,4.0,DWG KIA
392,Canyon,S11,MID,10,0.7,4.6,2.3,1.9,6.5,7.8,382,0.672,0.204,382,0.9,0.35,0.21,0.23,-110,-15,-236,0.4,0.1,0,4.0,DWG KIA
393,Chieftain,S11,MID,1,0.0,0.3,1.0,4.0,0.0,8.3,319,0.5,0.302,362,0.82,0.45,0.2,0.12,-1500,-4,-562,0.0,0.0,0,0.0,Fredit BRION
394,Chieftain,S11,MID,1,0.0,0.3,1.0,4.0,0.0,8.3,319,0.5,0.302,362,0.82,0.45,0.2,0.12,-1500,-4,-562,0.0,0.0,0,0.0,Fredit BRION
395,Clid,S11,JUNGLE,92,0.609,4.4,2.6,1.9,5.9,5.9,341,0.677,0.157,284,1.95,0.63,0.54,0.39,-46,-3,-54,0.391,0.043,0,13.0,Gen.G eSports
396,Croco,S11,JUNGLE,90,0.467,3.1,2.0,2.6,6.1,5.6,328,0.704,0.173,309,1.58,0.44,0.48,0.3,-104,-4,-112,0.289,0.144,0,8.0,Liiv SANDBOX
397,Cuzz,S11,JUNGLE,43,0.581,4.6,2.6,2.0,6.6,6.1,344,0.66,0.169,332,1.98,0.63,0.52,0.33,39,-3,-60,0.442,0.023,0,7.0,T1
398,Dread,S11,JUNGLE,92,0.457,3.9,3.1,2.3,5.8,6.3,348,0.767,0.179,336,1.69,0.48,0.51,0.34,102,0,-56,0.543,0.076,0,17.0,Afreeca Freecs
399,Ellim,S11,JUNGLE,22,0.545,5.1,2.1,1.6,6.2,6.0,334,0.679,0.146,253,1.75,0.65,0.44,0.38,182,4,135,0.364,0.0,0,0.0,T1
400,Flawless,S11,JUNGLE,5,0.6,4.4,2.4,1.6,4.6,5.5,318,0.466,0.143,277,1.72,0.51,0.51,0.43,-424,-8,-425,0.4,0.0,0,0.0,Gen.G eSports
401,GIDEON,S11,JUNGLE,27,0.333,2.7,2.0,2.3,4.0,6.2,322,0.689,0.15,231,1.84,0.59,0.53,0.32,-260,-9,-419,0.407,0.074,0,4.0,KT Rolster
402,Malrang,S11,JUNGLE,10,0.7,5.9,4.4,1.6,5.0,5.6,351,0.687,0.159,310,1.36,0.5,0.28,0.34,-105,-13,-224,0.6,0.0,0,3.0,DWG KIA
403,Mir,S11,JUNGLE,46,0.5,3.8,3.2,2.6,6.4,5.9,342,0.668,0.152,310,1.59,0.5,0.43,0.36,-75,-7,-340,0.348,0.152,0,4.0,Hanwha Life eSports
404,OnFleek,S11,JUNGLE,4,0.0,1.9,1.8,3.3,4.5,6.3,329,0.54,0.115,228,1.98,0.38,0.78,0.3,-39,-9,-687,0.0,0.0,0,0.0,Liiv SANDBOX
405,Oner,S11,JUNGLE,46,0.609,3.8,3.1,2.2,5.4,5.9,355,0.68,0.178,332,1.55,0.4,0.47,0.25,295,0,70,0.435,0.043,0,6.0,T1
406,Peanut,S11,JUNGLE,103,0.485,3.9,2.9,2.2,5.7,6.8,362,0.701,0.186,361,1.81,0.45,0.6,0.25,125,7,316,0.301,0.117,0,17.0,Nongshim RedForce
407,Pyosik,S11,JUNGLE,94,0.33,2.5,2.8,3.0,4.6,6.9,358,0.743,0.21,387,1.78,0.52,0.52,0.28,-75,3,25,0.319,0.085,1,10.0,DRX
408,UmTi,S11,MID,1,0.0,0.0,0.0,4.0,0.0,6.2,259,0.0,0.117,160,1.06,0.43,0.43,0.16,-3180,-48,-2333,0.0,0.0,0,0.0,Fredit BRION
409,UmTi,S11,MID,1,0.0,0.0,0.0,4.0,0.0,6.2,259,0.0,0.117,160,1.06,0.43,0.43,0.16,-3180,-48,-2333,0.0,0.0,0,0.0,Fredit BRION
410,Willer,S11,JUNGLE,28,0.536,3.6,3.1,2.4,5.5,5.8,339,0.694,0.143,260,1.68,0.55,0.4,0.49,-238,-4,-228,0.357,0.071,0,0.0,Hanwha Life eSports
411,Yohan1,S11,JUNGLE,33,0.485,2.5,2.8,3.2,5.2,5.9,332,0.668,0.168,350,1.34,0.33,0.39,0.3,-173,-2,-194,0.242,0.121,0,6.0,Hanwha Life eSports
412,YoungJae,S11,JUNGLE,3,0.333,2.6,0.7,2.7,6.3,5.2,290,0.51,0.117,192,1.56,0.54,0.55,0.46,-567,-7,-424,0.0,0.0,0,0.0,Gen.G eSports
413,blank,S11,JUNGLE,58,0.483,4.0,2.3,2.2,6.7,6.0,334,0.675,0.157,296,1.85,0.66,0.44,0.38,-136,-4,-214,0.397,0.103,0,6.0,KT Rolster
414,Bay,S11,MID,47,0.426,2.7,1.6,2.6,5.5,8.3,363,0.619,0.216,404,1,0.51,0.18,0.25,-641,-15,-370,0.191,0.064,0,3.0,Nongshim RedForce
415,Bdd,S11,MID,97,0.608,4.6,2.8,1.8,5.6,8.7,393,0.645,0.266,478,1.1,0.46,0.23,0.21,135,5,167,0.165,0.093,0,22.0,Gen.G eSports
416,Chovy,S11,MID,107,0.505,4.8,3.5,1.9,5.4,9.8,432,0.666,0.277,552,1.43,0.46,0.41,0.18,507,14,352,0.234,0.093,1,46.0,Hanwha Life eSports
417,Clozer,S11,MID,21,0.571,3.7,2.7,2.3,5.8,9.1,408,0.628,0.254,472,0.99,0.39,0.2,0.13,298,7,198,0.095,0.048,0,2.0,T1
418,Dove,S11,MID,62,0.452,3.8,3.3,2.0,4.3,8.7,393,0.662,0.259,454,1.23,0.51,0.29,0.25,11,1,130,0.177,0.032,0,14.0,KT Rolster
419,FATE,S11,MID,94,0.447,4.3,2.8,1.8,5.0,9.2,406,0.68,0.259,465,1.1,0.48,0.22,0.26,106,-2,-32,0.213,0.074,0,19.0,Liiv SANDBOX
420,Faker,S11,MID,90,0.589,3.8,2.6,2.1,5.3,8.5,393,0.598,0.233,430,1.3,0.54,0.26,0.24,208,1,-1,0.189,0.067,0,12.0,T1
421,Fly,S11,MID,92,0.457,2.9,2.3,2.7,5.5,8.2,371,0.632,0.225,418,1.08,0.42,0.27,0.21,-141,-5,-124,0.293,0.054,0,8.0,Afreeca Freecs
422,Gori,S11,MID,56,0.536,3.1,3.2,2.5,4.6,8.6,393,0.606,0.229,470,1.05,0.42,0.28,0.24,-404,-10,-254,0.143,0.179,0,17.0,Nongshim RedForce
423,Jett,S11,MID,21,0.19,1.8,2.3,3.5,3.8,8.1,365,0.59,0.189,335,0.8,0.32,0.17,0.19,-158,-4,-21,0.286,0.19,0,3.0,DRX
424,Karis,S11,MID,3,0.333,1.7,0.7,2.0,2.7,8.7,356,0.401,0.204,278,1.17,0.53,0.21,0.23,-591,-12,-638,0.0,0.0,0,0.0,Gen.G eSports
425,Lava,S11,MID,73,0.37,3.6,2.3,2.0,4.7,9.0,390,0.705,0.267,464,1.16,0.45,0.3,0.2,-223,-1,-45,0.274,0.096,1,8.0,Fredit BRION
426,Quad,S11,MID,72,0.375,3.0,1.5,2.3,5.3,8.6,366,0.642,0.237,440,1.17,0.55,0.23,0.28,-309,-1,-62,0.125,0.125,0,4.0,DRX
427,ShowMaker,S11,ADC,10,0.7,5.4,3.5,1.7,5.7,9.7,433,0.641,0.292,540,1.49,0.7,0.43,0.2,-92,-2,10,0.3,0.2,0,0.0,DWG KIA
428,ShowMaker,S11,ADC,10,0.7,5.4,3.5,1.7,5.7,9.7,433,0.641,0.292,540,1.49,0.7,0.43,0.2,-92,-2,10,0.3,0.2,0,0.0,DWG KIA
429,Ucal,S11,MID,29,0.379,3.3,2.9,2.4,5.0,9.4,406,0.64,0.295,534,1.09,0.47,0.29,0.18,-14,4,156,0.103,0.069,0,8.0,KT Rolster
430,Yaharong,S11,MID,12,0.417,4.4,2.9,1.8,5.2,8.4,376,0.765,0.291,469,0.87,0.47,0.18,0.21,-632,-11,-184,0.167,0.25,0,2.0,Fredit BRION
431,5Kid,S11,ADC,15,0.467,5.1,2.7,1.3,3.7,10.3,422,0.512,0.248,462,1.22,0.53,0.33,0.2,-522,-5,-249,0.0,0.133,0,1.0,KT Rolster
432,BAO,S11,ADC,70,0.357,2.8,3.2,2.3,3.1,9.4,410,0.581,0.23,434,1.06,0.44,0.35,0.11,-373,-7,-373,0.143,0.086,0,4.0,DRX
433,Bang,S11,SUPPORT,1,0.0,1.0,0.0,3.0,3.0,1.7,248,0.75,0.12,213,3.1,1.74,0.44,0.27,779,1,1055,0.0,0.0,0,0.0,Afreeca Freecs
434,Bang,S11,SUPPORT,1,0.0,1.0,0.0,3.0,3.0,1.7,248,0.75,0.12,213,3.1,1.74,0.44,0.27,779,1,1055,0.0,0.0,0,0.0,Afreeca Freecs
435,BeryL,S11,SUPPORT,90,0.733,3.0,0.9,3.2,8.6,1.3,245,0.63,0.086,185,2.91,1.71,0.53,0.54,117,2,71,0.244,0.133,0,0.0,DWG KIA
436,BeryL,S11,SUPPORT,90,0.733,3.0,0.9,3.2,8.6,1.3,245,0.63,0.086,185,2.91,1.71,0.53,0.54,117,2,71,0.244,0.133,0,0.0,DWG KIA
437,Deft,S11,SUPPORT,3,0.667,3.7,2.7,2.3,6.0,1.8,316,0.723,0.324,716,2.72,1.41,0.57,0.23,721,-3,378,0.333,0.0,0,0.0,Hanwha Life eSports
438,Deft,S11,SUPPORT,3,0.667,3.7,2.7,2.3,6.0,1.8,316,0.723,0.324,716,2.72,1.41,0.57,0.23,721,-3,378,0.333,0.0,0,0.0,Hanwha Life eSports
439,Ghost,S11,SUPPORT,9,0.889,8.1,3.8,1.6,8.8,1.6,338,0.814,0.21,511,2.65,1.32,0.5,0.25,1119,-4,356,0.333,0.0,0,1.0,DWG KIA
440,Ghost,S11,SUPPORT,9,0.889,8.1,3.8,1.6,8.8,1.6,338,0.814,0.21,511,2.65,1.32,0.5,0.25,1119,-4,356,0.333,0.0,0,1.0,DWG KIA
441,Gumayusi,S11,ADC,53,0.547,4.6,3.5,1.6,4.0,10.1,443,0.657,0.26,451,1.44,0.61,0.44,0.23,302,7,104,0.208,0.057,1,3.0,T1
442,Harp,S11,SUPPORT,23,0.478,2.5,0.4,3.1,7.5,1.1,220,0.599,0.07,127,2.57,1.58,0.35,0.6,-118,0,-89,0.261,0.13,0,0.0,KT Rolster
443,Harp,S11,SUPPORT,23,0.478,2.5,0.4,3.1,7.5,1.1,220,0.599,0.07,127,2.57,1.58,0.35,0.6,-118,0,-89,0.261,0.13,0,0.0,KT Rolster
444,Hena,S11,ADC,87,0.368,3.5,2.7,2.0,4.2,9.9,419,0.709,0.251,428,1.57,0.73,0.47,0.19,-10,-1,-36,0.149,0.023,0,3.0,Fredit BRION
445,HyBrid,S11,ADC,35,0.4,3.1,4.1,2.3,3.2,9.5,422,0.592,0.212,370,1.28,0.46,0.44,0.1,-224,-2,4,0.2,0.0,0,8.0,KT Rolster
446,Kellin,S11,SUPPORT,101,0.495,2.9,0.6,3.0,7.8,1.1,227,0.679,0.076,149,2.85,1.91,0.39,0.54,47,0,-81,0.198,0.139,0,0.0,Nongshim RedForce
447,Kellin,S11,SUPPORT,101,0.495,2.9,0.6,3.0,7.8,1.1,227,0.679,0.076,149,2.85,1.91,0.39,0.54,47,0,-81,0.198,0.139,0,0.0,Nongshim RedForce
448,Keria,S11,SUPPORT,102,0.588,3.1,0.7,2.7,7.7,1.2,234,0.656,0.078,148,2.68,1.88,0.38,0.66,140,2,83,0.235,0.078,0,1.0,T1
449,Keria,S11,SUPPORT,102,0.588,3.1,0.7,2.7,7.7,1.2,234,0.656,0.078,148,2.68,1.88,0.38,0.66,140,2,83,0.235,0.078,0,1.0,T1
450,Lehends,S11,SUPPORT,88,0.466,3.0,0.7,2.7,7.5,1.2,227,0.665,0.075,138,2.82,1.68,0.42,0.54,30,-1,31,0.295,0.057,0,2.0,Afreeca Freecs
451,Lehends,S11,SUPPORT,88,0.466,3.0,0.7,2.7,7.5,1.2,227,0.665,0.075,138,2.82,1.68,0.42,0.54,30,-1,31,0.295,0.057,0,2.0,Afreeca Freecs
452,Leo,S11,SUPPORT,2,0.5,4.7,0.5,1.5,6.5,1.9,290,0.714,0.235,376,3.19,1.6,0.78,0.41,364,-11,441,0.0,0.5,0,0.0,Afreeca Freecs
453,Leo,S11,SUPPORT,2,0.5,4.7,0.5,1.5,6.5,1.9,290,0.714,0.235,376,3.19,1.6,0.78,0.41,364,-11,441,0.0,0.5,0,0.0,Afreeca Freecs
454,Leo,S11,SUPPORT,2,0.5,4.7,0.5,1.5,6.5,1.9,290,0.714,0.235,376,3.19,1.6,0.78,0.41,364,-11,441,0.0,0.5,0,0.0,Liiv SANDBOX
455,Life,S11,SUPPORT,99,0.596,3.1,0.5,2.5,7.3,1.0,226,0.589,0.064,112,2.58,1.75,0.33,0.58,-139,-4,-228,0.283,0.071,0,0.0,Gen.G eSports
456,Life,S11,SUPPORT,99,0.596,3.1,0.5,2.5,7.3,1.0,226,0.589,0.064,112,2.58,1.75,0.33,0.58,-139,-4,-228,0.283,0.071,0,0.0,Gen.G eSports
457,Noah,S11,SUPPORT,7,0.571,6.3,2.4,1.7,8.3,2.5,330,0.819,0.221,420,3.05,1.42,0.72,0.32,818,0,388,0.429,0.143,0,0.0,KT Rolster
458,Noah,S11,SUPPORT,7,0.571,6.3,2.4,1.7,8.3,2.5,330,0.819,0.221,420,3.05,1.42,0.72,0.32,818,0,388,0.429,0.143,0,0.0,KT Rolster
459,Prince,S11,ADC,74,0.486,3.4,3.3,2.1,3.6,9.6,421,0.607,0.246,455,1.43,0.64,0.43,0.18,-230,-2,-35,0.108,0.095,0,7.0,Liiv SANDBOX
460,Route,S11,ADC,11,0.273,2.9,2.9,2.4,3.9,8.9,400,0.556,0.191,341,1.25,0.52,0.36,0.21,-143,-3,-25,0.091,0.0,0,0.0,Liiv SANDBOX
461,Ruler,S11,SUPPORT,1,1.0,8.0,5.0,2.0,11.0,2.0,336,0.842,0.19,486,3.56,1.58,0.81,0.37,872,-14,169,0.0,0.0,0,0.0,Gen.G eSports
462,Ruler,S11,SUPPORT,1,1.0,8.0,5.0,2.0,11.0,2.0,336,0.842,0.19,486,3.56,1.58,0.81,0.37,872,-14,169,0.0,0.0,0,0.0,Gen.G eSports
463,Taeyoon,S11,ADC,24,0.25,2.4,2.5,2.4,3.4,9.7,409,0.593,0.267,474,1.55,0.63,0.5,0.2,-80,0,-204,0.167,0.042,0,6.0,DRX
464,Teddy,S11,SUPPORT,9,0.556,7.2,3.3,1.6,7.9,2.5,336,0.769,0.246,499,3.08,1.66,0.67,0.3,1072,4,659,0.111,0.0,0,0.0,T1
465,Teddy,S11,SUPPORT,9,0.556,7.2,3.3,1.6,7.9,2.5,336,0.769,0.246,499,3.08,1.66,0.67,0.3,1072,4,659,0.111,0.0,0,0.0,T1
466,Vsta,S11,SUPPORT,104,0.5,2.9,0.6,3.0,8.1,1.1,227,0.641,0.079,154,2.76,1.68,0.42,0.58,-120,-1,-12,0.212,0.115,0,5.0,Hanwha Life eSports
467,Vsta,S11,SUPPORT,104,0.5,2.9,0.6,3.0,8.1,1.1,227,0.641,0.079,154,2.76,1.68,0.42,0.58,-120,-1,-12,0.212,0.115,0,5.0,Hanwha Life eSports
468,Zzus,S11,SUPPORT,61,0.393,2.3,0.4,3.1,6.7,1.1,217,0.582,0.061,103,2.62,1.69,0.38,0.57,-217,-2,-102,0.279,0.148,0,0.0,KT Rolster
469,Zzus,S11,SUPPORT,61,0.393,2.3,0.4,3.1,6.7,1.1,217,0.582,0.061,103,2.62,1.69,0.38,0.57,-217,-2,-102,0.279,0.148,0,0.0,KT Rolster
470,deokdam,S11,SUPPORT,2,0.0,0.9,0.5,4.0,3.0,1.1,245,0.708,0.182,287,2.12,1.13,0.31,0.21,516,1,320,0.0,0.0,0,0.0,Nongshim RedForce
471,deokdam,S11,SUPPORT,2,0.0,0.9,0.5,4.0,3.0,1.1,245,0.708,0.182,287,2.12,1.13,0.31,0.21,516,1,320,0.0,0.0,0,0.0,Nongshim RedForce
472,Delight,S11,SUPPORT,87,0.368,2.8,0.7,2.6,6.6,1.2,224,0.75,0.075,125,2.8,1.74,0.45,0.57,8,1,73,0.241,0.138,0,0.0,Fredit BRION
473,Effort,S11,SUPPORT,94,0.447,2.1,0.6,3.4,6.6,1.1,223,0.632,0.062,109,2.78,1.76,0.41,0.62,-160,0,-108,0.213,0.149,0,1.0,Liiv SANDBOX
474,Jun,S11,SUPPORT,24,0.25,2.2,0.7,3.1,6.2,1.3,229,0.716,0.081,141,2.66,1.62,0.41,0.56,19,0,216,0.125,0.083,0,1.0,DRX
475,MapSSi,S11,SUPPORT,1,0.0,2.4,0.0,5.0,12.0,1.5,215,0.632,0.12,301,2.48,1.77,0.42,0.55,-115,-2,360,0.0,1.0,0,0.0,Afreeca Freecs
476,Pleata,S11,SUPPORT,70,0.357,2.2,0.7,3.1,6.1,1.2,220,0.677,0.068,127,2.67,1.74,0.4,0.53,-101,3,73,0.186,0.071,0,2.0,DRX
477,Burdol,S12,TOP,51,0.627,2.7,2.1,2.4,4.4,8.0,375,0.532,0.232,416,1,0.35,0.24,0.22,-131,-2,126,0.137,0.098,0,19.0,DWG KIA
478,Canna,S12,TOP,83,0.361,2.6,2.5,2.5,4.1,8.4,395,0.578,0.274,508,1.01,0.39,0.19,0.2,182,2,97,0.193,0.06,0,26.0,Nongshim RedForce
479,Chovy,S12,MID,88,0.784,7.4,3.8,1.3,6.0,9.8,453,0.672,0.275,598,1.75,0.54,0.47,0.14,461,12,381,0.205,0.068,0,30.0,Gen.G eSports
480,Chovy,S12,MID,88,0.784,7.4,3.8,1.3,6.0,9.8,453,0.672,0.275,598,1.75,0.54,0.47,0.14,461,12,381,0.205,0.068,0,30.0,Gen.G eSports
481,Clear,S12,TOP,1,1.0,1.2,2.0,5.0,4.0,7.5,352,0.462,0.267,678,0.88,0.3,0.3,0.24,-813,-13,-315,0.0,0.0,0,0.0,DRX
482,Clozer,S12,MID,94,0.479,3.3,2.7,2.3,4.8,8.9,397,0.672,0.277,528,0.94,0.38,0.21,0.16,-192,-1,-86,0.223,0.128,0,18.0,Liiv SANDBOX
483,Clozer,S12,MID,94,0.479,3.3,2.7,2.3,4.8,8.9,397,0.672,0.277,528,0.94,0.38,0.21,0.16,-192,-1,-86,0.223,0.128,0,18.0,Liiv SANDBOX
484,DnDn,S12,TOP,2,0.0,0.6,0.5,2.5,1.0,8.2,332,0.5,0.225,274,1.09,0.49,0.17,0.33,-902,-24,-514,0.0,0.0,0,0.0,Nongshim RedForce
485,Doran,S12,TOP,92,0.772,3.4,2.5,2.5,5.8,8.4,413,0.585,0.245,523,1.06,0.4,0.21,0.22,245,3,100,0.207,0.12,0,33.0,Gen.G eSports
486,Dove,S12,MID,1,0.0,1.0,2.0,3.0,1.0,8.4,356,0.75,0.23,310,1.11,0.45,0.35,0.15,-465,6,562,0.0,0.0,0,0.0,Liiv SANDBOX
487,Dove,S12,MID,1,0.0,1.0,2.0,3.0,1.0,8.4,356,0.75,0.23,310,1.11,0.45,0.35,0.15,-465,6,562,0.0,0.0,0,0.0,Liiv SANDBOX
488,Dread,S12,JUNGLE,81,0.37,3.1,2.5,2.5,5.2,5.3,319,0.689,0.13,241,1.53,0.48,0.44,0.42,96,-1,-38,0.444,0.099,0,14.0,Nongshim RedForce
489,Dread,S12,JUNGLE,81,0.37,3.1,2.5,2.5,5.2,5.3,319,0.689,0.13,241,1.53,0.48,0.44,0.42,96,-1,-38,0.444,0.099,0,14.0,Nongshim RedForce
490,DuDu,S12,TOP,89,0.27,1.7,1.9,2.8,3.0,8.1,374,0.55,0.26,435,0.96,0.34,0.23,0.2,-4,3,-27,0.146,0.157,0,31.0,Hanwha Life eSports
491,Howling,S12,TOP,4,0.0,0.8,0.8,3.5,2.0,7.9,332,0.345,0.249,361,0.75,0.28,0.17,0.13,-165,-8,-44,0.0,0.0,0,0.0,Liiv SANDBOX
492,Hoya,S12,TOP,9,0.444,2.0,2.2,3.8,5.3,7.1,361,0.549,0.204,363,1.26,0.47,0.31,0.35,-19,-3,-214,0.0,0.333,0,0.0,DWG KIA
493,Kiin,S12,TOP,92,0.391,2.6,2.0,2.4,4.2,8.2,379,0.579,0.266,459,1.18,0.42,0.28,0.23,41,4,95,0.228,0.12,0,13.0,Kwangdong Freecs
494,Morgan,S12,TOP,75,0.387,2.4,1.8,2.3,3.7,8.3,379,0.534,0.22,371,1.17,0.41,0.28,0.28,-180,-1,-155,0.133,0.107,0,15.0,Fredit BRION
495,Nuguri,S12,TOP,45,0.622,3.4,2.2,2.1,5.0,8.0,394,0.571,0.239,513,1.14,0.35,0.29,0.21,458,5,294,0.244,0.111,0,15.0,DWG KIA
496,Rascal,S12,TOP,98,0.49,2.8,2.6,2.6,4.7,8.5,397,0.605,0.23,441,1.06,0.37,0.27,0.21,95,1,179,0.255,0.122,0,55.0,KT Rolster
497,Soboro,S12,TOP,2,0.0,0.1,0.5,5.5,0.0,6.8,296,0.125,0.26,365,0.54,0.28,0.05,0.05,-2815,-42,-2205,0.0,1.0,0,1.0,Fredit BRION
498,Sw0rd,S12,TOP,12,0.25,1.9,2.0,2.8,3.4,7.8,380,0.519,0.251,478,1.08,0.41,0.25,0.26,-645,-16,-316,0.167,0.083,0,1.0,Fredit BRION
499,Zest,S12,TOP,2,1.0,2.8,2.0,2.0,3.5,9.4,422,0.415,0.271,540,0.78,0.26,0.12,0.12,-769,-6,428,0.0,0.5,0,1.0,Gen.G eSports
500,Zeus,S12,TOP,102,0.745,3.3,2.9,2.5,5.3,8.1,410,0.593,0.261,542,1.03,0.36,0.21,0.18,405,7,158,0.186,0.118,0,36.0,T1
501,kingen,S12,TOP,104,0.5,2.9,1.8,2.3,4.8,7.8,373,0.571,0.249,499,1.05,0.38,0.25,0.21,-223,-3,-118,0.106,0.125,0,19.0,DRX
502,Canyon,S12,JUNGLE,105,0.61,4.1,2.4,2.2,6.4,5.6,337,0.698,0.153,304,1.49,0.46,0.37,0.38,124,2,196,0.343,0.076,0,11.0,DWG KIA
503,Croco,S12,JUNGLE,95,0.474,3.0,2.3,2.7,5.9,5.4,327,0.744,0.145,272,1.48,0.34,0.46,0.26,-128,1,-83,0.389,0.095,0,14.0,Liiv SANDBOX
504,Cuzz,S12,JUNGLE,95,0.495,3.7,2.2,2.3,6.2,5.4,325,0.677,0.139,267,1.68,0.39,0.48,0.33,71,4,101,0.389,0.063,0,8.0,KT Rolster
505,Ellim,S12,JUNGLE,92,0.391,2.6,1.9,2.7,5.3,4.5,292,0.681,0.116,205,1.58,0.53,0.42,0.44,-383,-12,-380,0.359,0.163,0,5.0,Kwangdong Freecs
506,GIDEON,S12,JUNGLE,3,0.333,2.3,2.0,2.3,3.3,5.8,325,0.505,0.116,194,1.5,0.54,0.4,0.32,-745,10,143,0.0,0.0,0,1.0,KT Rolster
507,Guwon,S12,JUNGLE,2,0.0,3.2,4.0,2.5,4.0,5.3,325,0.845,0.229,327,1.47,0.37,0.49,0.42,598,2,453,1.0,0.0,0,0.0,Hanwha Life eSports
508,HamBak,S12,JUNGLE,4,0.0,1.7,2.5,3.8,3.8,5.4,310,0.908,0.16,232,1.3,0.52,0.36,0.51,-471,-13,-533,0.0,0.5,0,0.0,Liiv SANDBOX
509,Juhan,S12,JUNGLE,9,0.667,3.7,2.2,2.6,7.1,4.5,307,0.589,0.109,242,1.64,0.52,0.47,0.49,-108,-4,-188,0.444,0.222,0,1.0,DRX
510,Listo,S12,JUNGLE,2,0.0,0.9,1.5,3.5,1.5,5.1,290,0.75,0.2,275,1.05,0.46,0.23,0.43,-2231,-32,-2124,0.0,0.0,0,1.0,Fredit BRION
511,OnFleek,S12,JUNGLE,81,0.284,1.8,1.6,3.2,4.2,5.6,317,0.665,0.143,245,1.78,0.45,0.56,0.35,-164,-2,-125,0.284,0.111,0,6.0,Hanwha Life eSports
512,Oner,S12,JUNGLE,102,0.745,5.0,3.2,2.0,6.8,5.8,361,0.726,0.142,298,1.39,0.38,0.37,0.26,405,5,222,0.471,0.078,0,21.0,T1
513,Peach,S12,JUNGLE,1,1.0,4.5,1.0,2.0,8.0,5.5,336,0.692,0.078,198,1.62,0.47,0.67,0.2,-639,-25,-934,0.0,0.0,0,0.0,DRX
514,Peanut,S12,JUNGLE,91,0.78,5.3,2.7,1.8,6.8,5.8,349,0.674,0.118,253,1.58,0.45,0.42,0.32,185,4,186,0.429,0.044,0,10.0,Gen.G eSports
515,Pyosik,S12,JUNGLE,95,0.484,3.0,2.4,2.6,5.6,5.4,322,0.689,0.123,247,1.52,0.49,0.44,0.43,-93,0,-21,0.305,0.105,0,10.0,DRX
516,Raptor,S12,JUNGLE,5,0.6,3.7,2.4,2.4,6.4,5.4,329,0.726,0.155,283,1.53,0.42,0.41,0.39,475,4,367,0.4,0.2,0,0.0,Fredit BRION
517,Sylvie,S12,JUNGLE,6,0.0,1.6,1.8,3.0,2.8,5.1,312,0.833,0.147,203,1.13,0.33,0.33,0.42,-35,-2,106,0.333,0.0,0,0.0,Nongshim RedForce
518,UmTi,S12,JUNGLE,82,0.354,2.8,1.8,2.5,5.1,5.2,308,0.711,0.134,223,1.59,0.5,0.48,0.43,-62,-1,-63,0.451,0.085,0,3.0,Fredit BRION
519,Willer,S12,JUNGLE,6,0.167,1.8,1.3,3.0,4.2,5.2,295,0.668,0.108,179,1.6,0.51,0.47,0.43,-127,-1,-1,0.167,0.167,0,1.0,Hanwha Life eSports
520,YoungJae,S12,JUNGLE,5,0.4,2.1,1.6,3.8,6.2,5.3,306,0.562,0.101,244,1.57,0.57,0.36,0.48,-701,-2,-236,0.4,0.0,0,0.0,Gen.G eSports
521,Aria,S12,MID,38,0.395,3.4,2.2,2.0,4.8,8.3,375,0.61,0.234,421,1.54,0.69,0.35,0.32,-296,-11,-178,0.211,0.053,0,5.0,KT Rolster
522,Bdd,S12,MID,82,0.354,3.2,2.5,2.2,4.7,8.5,381,0.626,0.266,492,1.16,0.51,0.24,0.26,-81,-2,-110,0.146,0.098,1,10.0,Nongshim RedForce
523,FATE,S12,MID,92,0.391,4.6,2.4,1.6,5.1,8.7,385,0.695,0.261,460,1.26,0.51,0.29,0.24,-31,1,-62,0.207,0.087,0,22.0,Kwangdong Freecs
524,FIESTA,S12,MID,5,0.2,1.1,0.8,3.8,3.4,8.3,349,0.553,0.238,402,1.08,0.42,0.25,0.22,-403,-5,-39,0.0,0.2,0,0.0,Nongshim RedForce
525,Faker,S12,MID,102,0.745,4.4,2.8,1.9,5.6,8.5,407,0.62,0.246,507,1.32,0.51,0.29,0.19,69,-2,-138,0.206,0.078,0,19.0,T1
526,Feisty,S12,MID,2,0.0,1.2,1.0,2.5,2.0,8.2,348,0.75,0.247,351,0.77,0.46,0.18,0.2,-1757,-19,-614,0.0,0.0,0,1.0,Fredit BRION
527,Karis,S12,MID,89,0.27,2.5,1.9,2.4,4.1,7.9,355,0.637,0.253,430,1.03,0.43,0.26,0.21,-274,-5,-64,0.135,0.112,0,17.0,Hanwha Life eSports
528,Lava,S12,MID,87,0.368,3.5,2.8,2.1,4.6,8.9,401,0.706,0.305,521,1.23,0.46,0.32,0.18,76,-2,38,0.23,0.069,0,18.0,Fredit BRION
529,Ophelia,S12,ADC,5,0.4,3.4,3.0,1.8,3.2,9.2,405,0.615,0.309,520,0.96,0.45,0.25,0.21,26,-4,382,0.0,0.0,0,3.0,Gen.G eSports
530,Ophelia,S12,ADC,5,0.4,3.4,3.0,1.8,3.2,9.2,405,0.615,0.309,520,0.96,0.45,0.25,0.21,26,-4,382,0.0,0.0,0,3.0,Gen.G eSports
531,Quid,S12,MID,5,0.4,2.4,3.2,3.0,4.0,8.7,381,0.59,0.27,518,1.02,0.43,0.19,0.16,-544,-14,-390,0.2,0.0,0,1.0,Gen.G eSports
532,SeTab,S12,MID,1,1.0,4.5,4.0,2.0,5.0,8.4,411,0.692,0.312,795,0.77,0.51,0.13,0.2,617,15,280,1.0,0.0,0,1.0,DRX
533,ShowMaker,S12,MID,105,0.61,4.9,2.8,1.7,5.3,8.6,397,0.645,0.238,471,1.45,0.52,0.35,0.24,100,1,70,0.219,0.057,0,13.0,DWG KIA
534,Ten10,S12,MID,4,0.0,1.4,0.8,3.5,4.3,7.5,319,0.733,0.222,316,1.59,0.74,0.41,0.35,-250,-8,-103,0.0,0.25,0,0.0,Liiv SANDBOX
535,Vicla,S12,MID,60,0.55,3.7,2.6,2.4,6.4,8.7,396,0.675,0.264,533,1.12,0.53,0.24,0.31,14,-1,96,0.183,0.1,0,10.0,KT Rolster
536,Zeka,S12,MID,104,0.5,4.1,3.0,1.9,4.9,9.0,409,0.663,0.264,540,1.12,0.42,0.26,0.19,82,4,20,0.183,0.067,0,27.0,DRX
537,Aiming,S12,SUPPORT,3,0.333,2.8,0.3,2.0,5.3,2.4,308,0.933,0.259,404,4.07,2.25,0.87,0.27,940,-6,172,0.333,0.0,0,0.0,KT Rolster
538,Aiming,S12,SUPPORT,3,0.333,2.8,0.3,2.0,5.3,2.4,308,0.933,0.259,404,4.07,2.25,0.87,0.27,940,-6,172,0.333,0.0,0,0.0,KT Rolster
539,BeryL,S12,SUPPORT,96,0.51,2.6,0.6,3.2,7.8,1.1,234,0.709,0.073,144,2.78,1.69,0.46,0.53,64,3,140,0.281,0.146,0,4.0,DRX
540,BeryL,S12,SUPPORT,96,0.51,2.6,0.6,3.2,7.8,1.1,234,0.709,0.073,144,2.78,1.69,0.46,0.53,64,3,140,0.281,0.146,0,4.0,DRX
541,Cheoni,S12,ADC,18,0.111,2.0,2.1,2.3,2.7,9.2,393,0.64,0.251,364,1.06,0.43,0.27,0.16,-602,-11,-424,0.222,0.278,0,1.0,Hanwha Life eSports
542,Deft,S12,SUPPORT,8,0.375,3.4,1.5,2.8,7.8,2.1,298,0.818,0.219,478,3.14,1.37,0.79,0.26,670,4,312,0.0,0.25,0,0.0,DRX
543,Deft,S12,SUPPORT,8,0.375,3.4,1.5,2.8,7.8,2.1,298,0.818,0.219,478,3.14,1.37,0.79,0.26,670,4,312,0.0,0.25,0,0.0,DRX
544,Effort,S12,SUPPORT,32,0.281,2.0,0.6,3.8,6.8,1.0,220,0.652,0.064,117,2.84,1.91,0.4,0.58,-118,3,-140,0.188,0.125,0,0.0,Nongshim RedForce
545,Effort,S12,SUPPORT,32,0.281,2.0,0.6,3.8,6.8,1.0,220,0.652,0.064,117,2.84,1.91,0.4,0.58,-118,3,-140,0.188,0.125,0,0.0,Nongshim RedForce
546,Envyy,S12,ADC,9,0.222,1.9,2.1,2.7,3.0,9.2,386,0.571,0.249,403,0.86,0.4,0.26,0.12,-755,-5,-274,0.111,0.111,0,0.0,Liiv SANDBOX
547,Gamin,S12,ADC,5,0.0,0.8,1.2,3.8,2.0,8.4,362,0.476,0.168,231,0.98,0.37,0.3,0.09,-1278,-17,-727,0.4,0.2,0,0.0,Fredit BRION
548,Ghost,S12,SUPPORT,10,0.2,1.5,0.7,3.5,4.6,1.4,237,0.614,0.099,175,2.84,1.58,0.6,0.39,80,4,192,0.4,0.1,0,1.0,Nongshim RedForce
549,Ghost,S12,SUPPORT,10,0.2,1.5,0.7,3.5,4.6,1.4,237,0.614,0.099,175,2.84,1.58,0.6,0.39,80,4,192,0.4,0.1,0,1.0,Nongshim RedForce
550,Gumayusi,S12,SUPPORT,5,1.0,10.1,2.4,1.4,11.8,1.6,331,0.8,0.173,386,3.43,1.4,0.94,0.33,715,-4,206,0.4,0.4,0,2.0,T1
551,Gumayusi,S12,SUPPORT,5,1.0,10.1,2.4,1.4,11.8,1.6,331,0.8,0.173,386,3.43,1.4,0.94,0.33,715,-4,206,0.4,0.4,0,2.0,T1
552,Hans SamD,S12,SUPPORT,3,0.333,2.9,0.3,2.3,6.3,2.4,291,0.653,0.142,280,3.2,1.28,0.87,0.38,657,4,736,0.0,0.333,0,0.0,Hanwha Life eSports
553,Hans SamD,S12,SUPPORT,3,0.333,2.9,0.3,2.3,6.3,2.4,291,0.653,0.142,280,3.2,1.28,0.87,0.38,657,4,736,0.0,0.333,0,0.0,Hanwha Life eSports
554,Hena,S12,ADC,84,0.381,3.6,2.9,2.0,4.1,9.6,423,0.685,0.266,461,1.32,0.5,0.41,0.17,-142,-3,-9,0.286,0.024,0,6.0,Fredit BRION
555,Hoit,S12,SUPPORT,69,0.42,3.0,0.7,2.5,6.7,1.1,224,0.65,0.07,121,2.93,1.79,0.45,0.56,-72,1,108,0.174,0.087,0,1.0,Kwangdong Freecs
556,Hoit,S12,SUPPORT,69,0.42,3.0,0.7,2.5,6.7,1.1,224,0.65,0.07,121,2.93,1.79,0.45,0.56,-72,1,108,0.174,0.087,0,1.0,Kwangdong Freecs
557,Ice,S12,SUPPORT,1,0.0,0.0,0.0,1.0,0.0,1.8,240,0.0,0.157,246,1.78,0.8,0.35,0.24,-852,19,638,0.0,0.0,0,0.0,Liiv SANDBOX
558,Ice,S12,SUPPORT,1,0.0,0.0,0.0,1.0,0.0,1.8,240,0.0,0.157,246,1.78,0.8,0.35,0.24,-852,19,638,0.0,0.0,0,0.0,Liiv SANDBOX
559,Kael,S12,SUPPORT,96,0.469,2.8,0.5,2.9,7.7,1.0,229,0.737,0.074,138,2.71,1.7,0.36,0.51,-197,2,-190,0.281,0.063,0,0.0,Liiv SANDBOX
560,Kael,S12,SUPPORT,96,0.469,2.8,0.5,2.9,7.7,1.0,229,0.737,0.074,138,2.71,1.7,0.36,0.51,-197,2,-190,0.281,0.063,0,0.0,Liiv SANDBOX
561,Kellin,S12,SUPPORT,99,0.626,5.0,0.7,1.9,8.6,0.8,238,0.738,0.092,180,2.84,1.89,0.34,0.52,183,-1,-17,0.273,0.111,0,2.0,DWG KIA
562,Kellin,S12,SUPPORT,99,0.626,5.0,0.7,1.9,8.6,0.8,238,0.738,0.092,180,2.84,1.89,0.34,0.52,183,-1,-17,0.273,0.111,0,2.0,DWG KIA
563,Keria,S12,SUPPORT,97,0.732,4.2,0.6,2.2,8.9,1.0,247,0.688,0.088,183,2.7,1.85,0.33,0.56,91,-1,37,0.412,0.052,0,1.0,T1
564,Keria,S12,SUPPORT,97,0.732,4.2,0.6,2.2,8.9,1.0,247,0.688,0.088,183,2.7,1.85,0.33,0.56,91,-1,37,0.412,0.052,0,1.0,T1
565,Lehends,S12,SUPPORT,87,0.782,4.5,0.6,2.2,9.3,0.8,242,0.681,0.078,168,2.71,1.68,0.32,0.49,0,-2,14,0.276,0.161,0,1.0,Gen.G eSports
566,Lehends,S12,SUPPORT,87,0.782,4.5,0.6,2.2,9.3,0.8,242,0.681,0.078,168,2.71,1.68,0.32,0.49,0,-2,14,0.276,0.161,0,1.0,Gen.G eSports
567,Life,S12,SUPPORT,95,0.495,3.4,0.8,2.6,8.0,0.8,234,0.706,0.085,162,2.83,1.85,0.36,0.45,-106,-4,-41,0.211,0.116,0,2.0,KT Rolster
568,Life,S12,SUPPORT,95,0.495,3.4,0.8,2.6,8.0,0.8,234,0.706,0.085,162,2.83,1.85,0.36,0.45,-106,-4,-41,0.211,0.116,0,2.0,KT Rolster
569,Moham,S12,SUPPORT,15,0.267,2.2,0.9,2.7,5.3,0.8,219,0.675,0.073,118,2.6,1.8,0.35,0.54,-86,5,-296,0.4,0.133,0,0.0,Kwangdong Freecs
570,Moham,S12,SUPPORT,15,0.267,2.2,0.9,2.7,5.3,0.8,219,0.675,0.073,118,2.6,1.8,0.35,0.54,-86,5,-296,0.4,0.133,0,0.0,Kwangdong Freecs
571,Prince,S12,ADC,58,0.586,5.3,4.9,1.8,4.5,10.2,472,0.702,0.29,606,1.52,0.67,0.45,0.15,333,5,327,0.293,0.034,1,5.0,Liiv SANDBOX
572,Ruler,S12,SUPPORT,4,0.75,9.3,2.5,1.0,6.8,2.1,329,0.729,0.212,431,3.79,1.47,1.07,0.33,904,8,378,0.5,0.0,0,0.0,Gen.G eSports
573,Ruler,S12,SUPPORT,4,0.75,9.3,2.5,1.0,6.8,2.1,329,0.729,0.212,431,3.79,1.47,1.07,0.33,904,8,378,0.5,0.0,0,0.0,Gen.G eSports
574,Taeyoon,S12,ADC,1,0.0,0.3,1.0,4.0,0.0,8.2,349,0.25,0.227,309,1.13,0.43,0.35,0.2,-560,-1,-568,0.0,0.0,0,1.0,DRX
575,Teddy,S12,SUPPORT,8,0.375,6.9,1.1,1.1,6.6,2.2,285,0.713,0.203,383,3.81,1.83,0.9,0.38,810,5,154,0.125,0.125,0,1.0,Kwangdong Freecs
576,Teddy,S12,SUPPORT,8,0.375,6.9,1.1,1.1,6.6,2.2,285,0.713,0.203,383,3.81,1.83,0.9,0.38,810,5,154,0.125,0.125,0,1.0,Kwangdong Freecs
577,Vital,S12,ADC,7,0.143,1.9,2.1,2.0,1.7,9.8,404,0.5,0.236,374,0.98,0.38,0.37,0.13,-802,-8,-442,0.143,0.143,0,1.0,Nongshim RedForce
578,Vsta,S12,SUPPORT,81,0.272,2.4,0.6,2.6,5.5,0.8,217,0.668,0.096,159,2.51,1.67,0.3,0.52,-196,-3,-59,0.222,0.074,0,2.0,Hanwha Life eSports
579,Vsta,S12,SUPPORT,81,0.272,2.4,0.6,2.6,5.5,0.8,217,0.668,0.096,159,2.51,1.67,0.3,0.52,-196,-3,-59,0.222,0.074,0,2.0,Hanwha Life eSports
580,deokdam,S12,SUPPORT,1,1.0,2.8,5.0,6.0,12.0,1.5,292,0.85,0.165,460,2.58,1.45,0.66,0.28,523,1,-81,0.0,1.0,0,0.0,DWG KIA
581,deokdam,S12,SUPPORT,1,1.0,2.8,5.0,6.0,12.0,1.5,292,0.85,0.165,460,2.58,1.45,0.66,0.28,523,1,-81,0.0,1.0,0,0.0,DWG KIA
582,Baut,S12,SUPPORT,5,0.2,2.1,0.4,3.0,5.8,1.1,222,0.614,0.067,109,2.51,1.78,0.29,0.56,116,-1,551,0.2,0.4,0,0.0,Hanwha Life eSports
583,Bible,S12,SUPPORT,5,0.2,1.6,0.4,4.6,7.0,0.9,217,0.599,0.065,130,2.24,1.61,0.28,0.47,24,-1,146,0.4,0.2,0,0.0,DWG KIA
584,Delight,S12,SUPPORT,87,0.368,2.5,0.6,2.8,6.4,1.2,226,0.71,0.072,122,3.04,1.83,0.5,0.57,-30,2,-17,0.356,0.161,0,0.0,Fredit BRION
585,Dispel,S12,SUPPORT,1,0.0,1.5,0.0,6.0,9.0,1.0,208,0.818,0.068,124,2.27,2.03,0.36,0.91,-32,-4,-492,0.0,0.0,0,0.0,Nongshim RedForce
586,Jun,S12,SUPPORT,1,1.0,11.0,1.0,1.0,10.0,0.8,269,0.846,0.058,149,2.43,1.38,0.51,0.4,123,-11,-484,0.0,0.0,0,0.0,DRX
587,Loopy,S12,SUPPORT,2,0.0,0.4,0.5,5.0,1.5,1.5,216,0.5,0.127,182,1.46,0.66,0.2,0.28,-640,0,-868,0.0,0.0,0,0.0,Fredit BRION
588,Lospa,S12,SUPPORT,5,0.4,2.2,1.2,4.0,7.6,0.7,226,0.621,0.054,119,2.17,1.68,0.12,0.59,-155,-2,-23,0.4,0.4,0,0.0,Gen.G eSports
589,Peter,S12,SUPPORT,25,0.44,3.0,0.6,2.6,7.2,0.8,226,0.663,0.092,155,2.49,1.64,0.3,0.51,-1,-3,-47,0.32,0.08,0,0.0,Nongshim RedForce
590,Prove,S12,SUPPORT,2,0.0,1.3,0.5,4.5,5.5,1.5,226,0.675,0.115,177,2.89,1.85,0.55,0.71,152,12,168,0.5,0.0,0,0.0,Liiv SANDBOX
591,SnowFlower,S12,SUPPORT,19,0.421,3.1,0.6,2.8,8.3,1.0,227,0.707,0.075,156,2.57,1.55,0.36,0.49,58,1,100,0.211,0.105,0,0.0,Nongshim RedForce
592,Burdol,S13,TOP,74,0.419,2.3,1.9,2.4,3.5,8.3,374,0.465,0.223,438,1.06,0.34,0.2,0.22,-395,-7,-283,0.135,0.108,0,23.0,Liiv SANDBOX
593,Canna,S13,TOP,95,0.611,3.4,2.2,2.0,4.3,8.3,389,0.516,0.208,470,1.08,0.37,0.17,0.23,141,2,78,0.179,0.137,0,24.0,Dplus KIA
594,Clear,S13,TOP,17,0.412,2.7,1.8,2.5,5.2,8.3,377,0.527,0.219,447,0.98,0.34,0.22,0.18,-105,-6,89,0.176,0.176,0,2.0,Liiv SANDBOX
595,DnDn,S13,TOP,85,0.259,1.7,1.5,2.8,3.4,8.2,362,0.49,0.234,439,1.09,0.45,0.15,0.29,-525,-8,-258,0.106,0.176,0,18.0,Nongshim RedForce
596,Doran,S13,TOP,109,0.743,3.7,2.4,2.2,5.8,8.3,411,0.568,0.228,506,1.08,0.37,0.19,0.22,277,3,124,0.239,0.138,0,36.0,Gen.G eSports
597,DuDu,S13,TOP,83,0.325,2.2,2.2,2.4,3.1,8.8,393,0.567,0.226,477,0.99,0.27,0.19,0.13,134,6,49,0.133,0.108,0,22.0,Kwangdong Freecs
598,Kiin,S13,TOP,117,0.692,4.5,2.3,1.6,5.1,8.6,405,0.551,0.231,467,1.13,0.39,0.2,0.19,204,4,198,0.197,0.094,0,24.0,KT Rolster
599,Morgan,S13,TOP,89,0.315,1.9,1.7,2.3,2.8,8.7,380,0.515,0.233,426,1.18,0.33,0.26,0.24,-52,-1,-141,0.191,0.146,0,13.0,BRION
600,PerfecT,S13,TOP,1,1.0,13.0,2.0,1.0,11.0,8.5,398,0.565,0.192,469,1.2,0.5,0.17,0.31,651,24,744,0.0,0.0,0,0.0,KT Rolster
601,Rascal,S13,TOP,93,0.301,1.7,1.9,3.1,3.2,8.2,377,0.574,0.228,448,1.05,0.32,0.23,0.18,-197,-5,-225,0.194,0.183,0,28.0,DRX
602,Zeus,S13,TOP,120,0.617,3.1,2.5,2.4,4.7,8.4,402,0.563,0.232,514,1.13,0.38,0.16,0.22,256,7,189,0.158,0.167,0,36.0,T1
603,kingen,S13,TOP,115,0.53,2.9,1.7,2.0,4.2,8.2,384,0.507,0.218,443,1.09,0.41,0.18,0.26,-98,-4,31,0.157,0.104,0,21.0,Hanwha Life eSports
604,Canyon,S13,JUNGLE,95,0.611,4.5,2.0,1.9,6.8,5.8,341,0.7,0.139,309,1.81,0.46,0.42,0.37,227,1,157,0.4,0.053,0,9.0,Dplus KIA
605,Clid,S13,JUNGLE,72,0.542,2.8,1.8,2.5,4.9,5.4,327,0.654,0.135,280,1.97,0.45,0.5,0.38,-15,-2,20,0.375,0.125,0,12.0,Hanwha Life eSports
606,Croco,S13,JUNGLE,60,0.25,2.1,1.7,3.1,4.9,5.1,308,0.716,0.147,310,1.62,0.35,0.4,0.34,-334,-7,-247,0.283,0.133,0,3.0,DRX
607,Cuzz,S13,JUNGLE,117,0.692,5.1,2.4,1.9,7.0,5.8,345,0.725,0.151,303,1.95,0.37,0.53,0.33,53,3,101,0.376,0.085,0,12.0,KT Rolster
608,Grizzly,S13,JUNGLE,43,0.512,3.0,1.9,2.9,6.8,5.4,332,0.712,0.132,278,1.43,0.39,0.32,0.38,60,1,62,0.256,0.116,0,0.0,Hanwha Life eSports
609,HamBak,S13,JUNGLE,1,1.0,17.0,2.0,1.0,15.0,6.1,369,0.739,0.138,336,2,0.53,0.64,0.5,228,5,361,0.0,0.0,0,1.0,KT Rolster
610,Juhan,S13,JUNGLE,33,0.394,2.1,1.2,2.9,5.1,5.2,312,0.682,0.137,245,1.86,0.48,0.44,0.42,-130,-5,-185,0.242,0.242,0,0.0,DRX
611,Oner,S13,JUNGLE,120,0.617,3.7,2.6,2.5,6.5,5.4,348,0.745,0.147,328,1.82,0.4,0.44,0.31,126,-1,-51,0.408,0.083,0,15.0,T1
612,Peanut,S13,JUNGLE,109,0.743,4.9,2.4,2.0,7.3,5.9,354,0.691,0.146,325,1.72,0.35,0.47,0.25,210,2,167,0.44,0.037,0,13.0,Gen.G eSports
613,Sylvie,S13,JUNGLE,85,0.259,2.2,1.8,2.8,4.5,5.3,317,0.694,0.139,265,1.75,0.45,0.46,0.4,-196,-3,-148,0.235,0.094,0,5.0,Nongshim RedForce
614,UmTi,S13,JUNGLE,89,0.315,2.5,1.4,2.5,5.0,5.4,315,0.771,0.155,287,1.82,0.4,0.5,0.34,-61,1,-15,0.438,0.101,0,7.0,BRION
615,Willer,S13,JUNGLE,91,0.418,3.2,2.1,2.4,5.6,5.6,328,0.688,0.133,268,1.92,0.5,0.47,0.46,-212,1,-89,0.33,0.11,0,9.0,Liiv SANDBOX
616,YoungJae,S13,JUNGLE,83,0.325,2.8,1.6,2.3,4.9,5.6,321,0.722,0.137,282,1.82,0.45,0.45,0.45,-20,2,-6,0.229,0.072,0,5.0,Kwangdong Freecs
617,Bdd,S13,MID,117,0.692,5.5,3.1,1.6,5.8,8.7,406,0.682,0.254,512,1.11,0.39,0.19,0.2,131,-1,-83,0.248,0.077,0,18.0,KT Rolster
618,Bulldog,S13,MID,83,0.325,2.2,2.0,2.6,3.8,9.0,393,0.643,0.284,581,1.15,0.4,0.22,0.24,-38,-4,-102,0.169,0.108,0,12.0,Kwangdong Freecs
619,Callme,S13,MID,4,0.5,4.4,3.3,1.8,4.5,8.7,394,0.697,0.285,551,0.97,0.25,0.21,0.08,-838,-8,-152,0.25,0.0,0,0.0,Nongshim RedForce
620,Chovy,S13,MID,109,0.743,6.5,3.3,1.4,6.2,9.2,429,0.68,0.271,611,1.62,0.43,0.4,0.18,277,7,156,0.211,0.073,0,26.0,Gen.G eSports
621,Clozer,S13,MID,91,0.418,2.7,2.6,2.6,4.2,9.4,404,0.629,0.274,538,1.08,0.35,0.25,0.2,52,4,139,0.198,0.11,0,19.0,Liiv SANDBOX
622,FATE,S13,MID,84,0.321,2.8,2.3,2.1,3.5,8.8,382,0.615,0.282,564,1.16,0.37,0.23,0.22,-214,-2,-135,0.083,0.06,0,10.0,DRX
623,FIESTA,S13,MID,69,0.246,2.2,2.3,2.9,4.1,8.4,377,0.626,0.278,543,1.27,0.41,0.26,0.27,-119,-3,-73,0.217,0.101,0,14.0,Nongshim RedForce
624,Faker,S13,MID,102,0.686,3.5,2.7,2.4,5.6,8.4,401,0.631,0.259,592,1.14,0.37,0.24,0.17,35,1,-25,0.186,0.088,0,19.0,T1
625,Feisty,S13,MID,1,1.0,9.5,6.0,2.0,13.0,9.2,493,0.826,0.321,781,1.14,0.53,0.14,0.33,880,15,1059,0.0,0.0,0,0.0,KT Rolster
626,Ivory,S13,MID,10,0.3,1.4,1.2,2.9,3.0,9.0,368,0.536,0.251,468,1.15,0.52,0.21,0.22,-645,-15,-406,0.1,0.0,0,1.0,BRION
627,Karis,S13,MID,79,0.316,2.9,2.4,2.0,3.4,8.8,386,0.663,0.269,496,1.05,0.3,0.25,0.21,-217,-4,-68,0.152,0.114,0,14.0,BRION
628,Kyeahoo,S13,MID,9,0.111,1.6,1.7,2.7,2.6,7.5,325,0.565,0.193,382,1.22,0.56,0.21,0.25,-795,-8,-125,0.0,0.222,0,1.0,DRX
629,Poby,S13,MID,18,0.222,1.6,1.8,3.2,3.3,9.0,390,0.645,0.244,479,1.1,0.42,0.27,0.24,-193,-7,-144,0.167,0.0,0,1.0,T1
630,Quad,S13,MID,12,0.25,1.6,1.1,2.3,2.6,8.0,348,0.587,0.232,385,1.19,0.53,0.21,0.27,-427,-13,-464,0.167,0.167,0,4.0,Nongshim RedForce
631,ShowMaker,S13,MID,95,0.611,5.1,3.2,1.6,5.1,8.9,409,0.636,0.27,605,1.32,0.42,0.3,0.26,56,2,105,0.179,0.084,1,18.0,Dplus KIA
632,Zeka,S13,MID,115,0.53,3.7,3.2,2.0,4.2,9.5,422,0.638,0.268,549,1.24,0.42,0.26,0.23,106,3,137,0.2,0.07,0,29.0,Hanwha Life eSports
633,Aiming,S13,ADC,117,0.692,7.1,4.6,1.3,4.6,10.3,481,0.696,0.293,595,1.47,0.41,0.42,0.13,193,0,248,0.214,0.034,0,13.0,KT Rolster
634,Deft,S13,ADC,92,0.62,5.2,4.3,1.8,4.8,9.8,457,0.707,0.301,677,1.45,0.46,0.39,0.17,334,5,179,0.304,0.076,0,3.0,Dplus KIA
635,Envyy,S13,ADC,51,0.49,3.1,3.1,2.2,3.6,9.5,417,0.636,0.277,543,1.11,0.37,0.3,0.17,-20,5,128,0.275,0.118,0,4.0,Liiv SANDBOX
636,Gumayusi,S13,ADC,120,0.617,4.5,4.2,2.0,4.8,10.3,470,0.695,0.275,620,1.4,0.44,0.42,0.18,302,9,46,0.208,0.067,1,10.0,T1
637,Gumayusi,S13,ADC,120,0.617,4.5,4.2,2.0,4.8,10.3,470,0.695,0.275,620,1.4,0.44,0.42,0.18,302,9,46,0.208,0.067,1,10.0,T1
638,Hena,S13,ADC,89,0.315,2.8,2.6,2.0,2.9,9.6,411,0.64,0.276,519,1.4,0.44,0.44,0.16,-250,-6,-117,0.281,0.034,0,5.0,BRION
639,Hype,S13,ADC,1,1.0,7.3,10.0,3.0,12.0,9.6,510,0.957,0.292,711,1.67,0.44,0.44,0.11,-137,-16,-275,0.0,1.0,0,0.0,KT Rolster
640,Jiwoo,S13,ADC,36,0.306,2.4,3.8,3.1,3.8,10.1,442,0.722,0.29,581,1.27,0.4,0.45,0.15,-294,-6,-130,0.389,0.194,0,5.0,Nongshim RedForce
641,Paduck,S13,ADC,49,0.327,2.5,2.9,2.6,3.6,9.2,412,0.607,0.278,562,1.28,0.49,0.35,0.18,-372,-9,-319,0.122,0.082,0,2.0,DRX
642,Peyz,S13,ADC,109,0.743,6.3,5.4,1.6,4.6,10.2,475,0.698,0.278,633,1.43,0.45,0.43,0.14,174,0,64,0.284,0.037,3,9.0,Gen.G eSports
643,Pleata,S13,ADC,6,0.167,2.1,3.2,2.5,2.2,8.4,385,0.702,0.231,433,1.03,0.25,0.22,0.16,-709,-17,-345,0.333,0.0,0,1.0,DRX
644,Rahel,S13,ADC,3,0.333,2.2,2.3,1.7,1.3,10.1,442,0.598,0.246,448,1.9,0.45,0.65,0.2,-387,2,-445,0.333,0.0,0,0.0,Dplus KIA
645,Taeyoon,S13,ADC,83,0.325,2.1,2.8,3.0,3.4,9.7,418,0.661,0.257,537,1.41,0.42,0.46,0.18,-175,-1,-194,0.181,0.108,1,8.0,Kwangdong Freecs
646,Teddy,S13,ADC,40,0.325,3.0,4.0,2.8,4.4,9.9,433,0.664,0.289,588,1.61,0.65,0.45,0.19,-132,3,80,0.2,0.05,0,7.0,Liiv SANDBOX
647,Viper,S13,ADC,115,0.53,4.7,3.6,1.7,4.1,10.2,450,0.674,0.302,626,1.51,0.51,0.43,0.2,92,4,14,0.2,0.104,1,4.0,Hanwha Life eSports
648,Vital,S13,ADC,49,0.224,2.6,2.6,2.2,2.9,9.7,410,0.616,0.282,533,1.24,0.33,0.41,0.14,-423,-12,-258,0.163,0.061,0,3.0,Nongshim RedForce
649,deokdam,S13,ADC,38,0.289,2.3,2.2,2.3,3.0,8.9,395,0.6,0.247,493,1.34,0.39,0.36,0.18,-549,-12,-160,0.079,0.184,0,0.0,DRX
650,Andil,S13,SUPPORT,20,0.1,1.3,0.5,3.6,4.4,1.1,215,0.649,0.066,127,2.83,1.57,0.29,0.47,-20,2,287,0.3,0.25,0,0.0,Kwangdong Freecs
651,BeryL,S13,SUPPORT,93,0.301,1.8,0.4,3.3,5.7,1.2,231,0.654,0.093,183,3.13,1.44,0.51,0.48,-126,1,10,0.129,0.118,0,4.0,DRX
652,Bible,S13,SUPPORT,13,0.615,2.8,0.9,3.3,8.4,1.1,238,0.619,0.048,113,3.28,1.87,0.38,0.59,55,1,173,0.154,0.231,0,1.0,Dplus KIA
653,Delight,S13,SUPPORT,109,0.743,5.7,0.7,1.9,9.8,1.1,255,0.746,0.076,172,3.28,1.49,0.39,0.42,141,3,134,0.358,0.092,0,1.0,Gen.G eSports
654,Effort,S13,SUPPORT,89,0.315,2.5,0.4,2.4,5.6,1.0,226,0.685,0.069,125,3.27,1.53,0.41,0.54,-32,2,-115,0.337,0.112,0,0.0,BRION
655,Jun,S13,SUPPORT,42,0.381,2.6,0.5,2.7,6.4,0.9,235,0.688,0.109,223,3.4,1.31,0.39,0.48,30,-2,146,0.19,0.143,0,0.0,Kwangdong Freecs
656,Kael,S13,SUPPORT,91,0.418,3.0,0.7,2.6,7.3,0.9,234,0.721,0.089,177,3.4,1.62,0.45,0.56,-37,-2,-147,0.275,0.077,0,0.0,Liiv SANDBOX
657,Kellin,S13,SUPPORT,82,0.61,6.2,0.7,1.5,9.0,0.8,244,0.767,0.089,195,3.3,1.66,0.39,0.49,163,-3,-52,0.402,0.037,0,4.0,Dplus KIA
658,Keria,S13,SUPPORT,120,0.617,4.4,0.8,2.2,8.9,1.0,255,0.757,0.089,204,3.15,1.67,0.37,0.52,244,0,129,0.258,0.075,0,2.0,T1
659,Keria,S13,SUPPORT,120,0.617,4.4,0.8,2.2,8.9,1.0,255,0.757,0.089,204,3.15,1.67,0.37,0.52,244,0,129,0.258,0.075,0,2.0,T1
660,Lehends,S13,SUPPORT,117,0.692,4.3,0.5,2.1,8.4,1.0,240,0.692,0.072,142,3.01,1.61,0.36,0.51,-81,0,-44,0.291,0.154,0,1.0,KT Rolster
661,Life,S13,SUPPORT,115,0.53,3.2,0.7,2.5,7.3,0.9,238,0.714,0.079,157,3.16,1.67,0.38,0.48,-72,-2,-33,0.243,0.113,0,4.0,Hanwha Life eSports
662,Moham,S13,SUPPORT,21,0.429,2.7,0.4,2.8,7.1,0.9,227,0.736,0.099,200,3.04,1.72,0.47,0.51,-310,1,13,0.143,0.238,0,1.0,Kwangdong Freecs
663,Peter,S13,SUPPORT,85,0.259,3.1,0.6,2.3,6.6,0.9,224,0.749,0.069,129,2.92,1.51,0.33,0.48,-206,0,-112,0.271,0.082,0,1.0,Nongshim RedForce
664,Way,S13,SUPPORT,1,1.0,4.0,3.0,4.0,13.0,1.1,275,0.696,0.057,139,3.81,1.89,0.47,0.61,326,3,832,0.0,0.0,0,0.0,KT Rolster
665,Casting,S14,TOP,3,0.0,1.4,2.3,3.0,2.0,8.2,403,0.579,0.272,591,1.06,0.54,0.11,0.26,964,4,97,0.667,0.0,0,0.0,KT Rolster
666,Clear,S14,TOP,91,0.374,2.5,2.4,2.7,4.4,8.3,386,0.577,0.215,489,0.97,0.32,0.21,0.16,-92,-5,-134,0.099,0.099,0,27.0,FearX
667,DnDn,S14,TOP,55,0.309,1.7,1.6,2.8,3.1,8.5,377,0.455,0.205,434,1.15,0.55,0.16,0.29,-234,-4,-149,0.182,0.145,0,15.0,Nongshim RedForce
668,Doran,S14,TOP,112,0.696,3.2,2.5,2.6,5.9,8.0,392,0.581,0.218,536,1.13,0.42,0.22,0.21,114,1,119,0.223,0.134,0,27.0,Hanwha Life eSports
669,DuDu,S14,TOP,90,0.433,2.8,2.5,2.4,4.0,8.9,400,0.566,0.209,484,0.93,0.3,0.18,0.14,29,3,40,0.111,0.156,0,22.0,Kwangdong Freecs
670,Frog,S14,TOP,21,0.381,2.2,1.2,2.7,4.6,7.6,343,0.549,0.179,380,0.99,0.4,0.16,0.21,-562,-13,-324,0.095,0.19,0,3.0,DRX
671,Kiin,S14,TOP,103,0.835,4.4,2.8,2.0,6.0,8.1,405,0.584,0.21,554,1.18,0.42,0.22,0.18,366,9,292,0.204,0.117,0,32.0,Gen.G eSports
672,Mihile,S14,TOP,29,0.345,1.9,1.9,3.0,4.0,8.3,376,0.544,0.199,483,1.09,0.36,0.23,0.18,-462,-6,-99,0.069,0.172,0,5.0,Nongshim RedForce
673,Morgan,S14,TOP,82,0.195,1.9,2.1,3.0,3.6,8.3,371,0.574,0.225,487,1.07,0.35,0.24,0.23,-175,-3,-205,0.171,0.134,0,10.0,OK BRION
674,PerfecT,S14,TOP,102,0.539,3.0,2.2,2.5,5.1,7.8,371,0.505,0.195,465,1.19,0.46,0.2,0.25,-143,-2,-58,0.088,0.118,0,22.0,KT Rolster
675,Rascal,S14,TOP,62,0.21,1.6,1.7,2.9,2.9,8.2,366,0.551,0.194,407,1.15,0.39,0.24,0.19,-274,-10,-190,0.177,0.129,0,9.0,DRX
676,Zeus,S14,TOP,124,0.621,2.9,3.0,2.7,4.5,8.5,412,0.565,0.225,552,1.08,0.37,0.19,0.17,332,8,76,0.137,0.121,1,44.0,T1
677,kingen,S14,TOP,116,0.534,2.9,2.4,2.5,4.9,8.0,385,0.53,0.221,519,1.15,0.41,0.23,0.22,-41,0,69,0.224,0.095,0,25.0,Dplus KIA
678,Canyon,S14,JUNGLE,103,0.835,6.2,2.2,1.8,8.9,6.2,359,0.721,0.149,400,1.69,0.5,0.38,0.34,102,3,197,0.262,0.078,0,5.0,Gen.G eSports
679,Cuzz,S14,JUNGLE,90,0.433,2.9,1.9,2.8,6.3,6.5,341,0.739,0.165,394,1.84,0.43,0.49,0.3,-25,3,77,0.244,0.078,0,4.0,Kwangdong Freecs
680,DDoiV,S14,JUNGLE,10,0.3,2.3,1.2,2.8,5.1,5.5,309,0.686,0.157,335,1.67,0.46,0.41,0.38,-230,-8,-388,0.4,0.1,0,0.0,OK BRION
681,GIDEON,S14,JUNGLE,37,0.216,2.4,1.3,2.9,5.8,5.6,308,0.732,0.129,269,1.54,0.38,0.42,0.32,-16,2,88,0.243,0.108,0,4.0,OK BRION
682,Guwon,S14,JUNGLE,2,1.0,7.8,4.5,2.0,11.0,5.5,378,0.69,0.132,382,1.39,0.34,0.29,0.36,166,-12,100,1.0,0.0,0,0.0,T1
683,Lucid,S14,JUNGLE,116,0.534,4.3,2.0,2.3,7.7,5.7,333,0.717,0.125,297,1.66,0.5,0.4,0.45,49,-3,-58,0.457,0.06,0,7.0,Dplus KIA
684,Oner,S14,JUNGLE,122,0.615,3.8,2.4,2.4,6.8,6.4,357,0.68,0.149,365,1.67,0.41,0.43,0.28,80,6,156,0.377,0.139,0,15.0,T1
685,Peanut,S14,JUNGLE,112,0.696,5.3,2.2,2.0,8.5,6.1,349,0.746,0.133,326,1.76,0.42,0.46,0.28,132,0,78,0.429,0.098,0,8.0,Hanwha Life eSports
686,Pyosik,S14,JUNGLE,105,0.524,4.2,2.3,2.3,7.4,5.8,337,0.726,0.134,322,1.69,0.5,0.4,0.37,-61,-3,-136,0.4,0.067,1,5.0,KT Rolster
687,Raptor,S14,JUNGLE,48,0.375,3.0,2.3,2.9,6.2,6.1,341,0.745,0.186,448,1.57,0.35,0.44,0.29,-115,-1,-68,0.188,0.125,0,2.0,FearX
688,Sponge,S14,JUNGLE,83,0.253,1.9,1.5,3.4,4.8,5.8,314,0.73,0.145,308,1.5,0.4,0.39,0.32,-81,-1,-133,0.349,0.096,0,4.0,DRX
689,Sylvie,S14,JUNGLE,84,0.321,2.4,1.6,2.9,5.5,5.7,318,0.72,0.141,317,1.63,0.45,0.4,0.39,-170,-6,-176,0.333,0.06,0,6.0,Nongshim RedForce
690,Willer,S14,JUNGLE,43,0.372,3.4,2.4,2.4,5.8,6.1,337,0.704,0.15,320,1.9,0.56,0.51,0.43,162,5,145,0.372,0.023,0,5.0,FearX
691,YoungJae,S14,JUNGLE,35,0.143,3.2,2.0,2.4,5.9,6.3,331,0.75,0.19,426,1.81,0.58,0.41,0.38,-288,-7,-306,0.314,0.057,0,2.0,OK BRION
692,Bdd,S14,MID,105,0.524,4.7,3.9,2.1,6.0,9.1,419,0.707,0.286,677,1.19,0.44,0.25,0.22,49,1,4,0.2,0.086,1,15.0,KT Rolster
693,Bulldog,S14,MID,90,0.433,3.0,2.8,2.5,4.6,9.3,416,0.688,0.288,669,1.35,0.49,0.29,0.23,-188,-4,-89,0.144,0.122,1,8.0,Kwangdong Freecs
694,Calix,S14,MID,8,0.25,1.7,1.6,2.8,3.1,9.0,377,0.633,0.239,548,0.77,0.35,0.14,0.15,-593,-11,-280,0.25,0.0,0,0.0,Nongshim RedForce
695,Callme,S14,MID,36,0.333,2.1,2.3,3.4,4.7,9.0,400,0.725,0.292,617,1.29,0.41,0.33,0.21,-132,-5,-12,0.194,0.194,0,5.0,Nongshim RedForce
696,Chovy,S14,MID,103,0.835,6.2,4.5,1.7,5.8,10.3,483,0.671,0.299,801,1.71,0.5,0.49,0.18,410,10,296,0.097,0.078,0,24.0,Gen.G eSports
697,Clozer,S14,MID,91,0.374,3.3,2.8,2.4,4.9,9.9,424,0.656,0.273,616,1.23,0.49,0.29,0.19,-114,2,59,0.209,0.11,0,18.0,FearX
698,FATE,S14,MID,19,0.211,2.9,2.3,2.3,4.2,9.0,402,0.629,0.284,627,1.18,0.42,0.27,0.17,-51,-5,-89,0.316,0.0,1,2.0,OK BRION
699,FIESTA,S14,MID,7,0.143,2.6,3.3,3.0,4.6,8.3,392,0.65,0.28,599,1.55,0.68,0.37,0.33,-38,-3,-143,0.429,0.0,0,0.0,Nongshim RedForce
700,Faker,S14,MID,124,0.621,4.0,3.3,2.2,5.5,9.2,429,0.638,0.263,642,1.23,0.45,0.26,0.14,62,1,5,0.218,0.065,0,28.0,T1
701,Fisher,S14,MID,33,0.364,2.6,3.4,2.9,4.2,9.4,425,0.657,0.296,690,1.1,0.45,0.24,0.21,-29,-1,-60,0.182,0.182,0,4.0,Nongshim RedForce
702,Karis,S14,MID,57,0.193,2.2,2.1,2.8,4.2,9.1,394,0.662,0.26,543,1.07,0.32,0.29,0.2,-268,-2,-91,0.158,0.105,0,7.0,OK BRION
703,Kyeahoo,S14,MID,49,0.286,2.9,2.1,2.2,4.4,9.0,394,0.687,0.282,590,1.12,0.41,0.25,0.18,-212,-6,-220,0.204,0.163,0,3.0,DRX
704,Pullbae,S14,MID,6,0.167,2.2,2.5,4.0,6.2,8.4,386,0.722,0.263,685,1.23,0.54,0.28,0.21,-818,-9,-659,0.167,0.333,0,0.0,OK BRION
705,SeTab,S14,MID,34,0.206,1.9,2.1,2.8,3.2,8.9,394,0.651,0.271,571,1.12,0.4,0.3,0.18,-300,-6,-220,0.265,0.147,0,5.0,DRX
706,ShowMaker,S14,MID,116,0.534,4.2,3.5,2.1,5.5,8.8,416,0.674,0.274,644,1.39,0.5,0.31,0.22,8,-2,20,0.25,0.086,2,24.0,Dplus KIA
707,Zeka,S14,MID,112,0.696,6.0,4.4,1.7,5.6,9.5,447,0.676,0.275,669,1.39,0.53,0.32,0.22,212,2,32,0.259,0.045,0,27.0,Hanwha Life eSports
708,Aiming,S14,ADC,116,0.534,6.6,5.0,1.5,4.8,10.0,471,0.71,0.301,719,1.52,0.5,0.49,0.1,378,8,314,0.267,0.026,2,10.0,Dplus KIA
709,Bull,S14,ADC,42,0.429,2.9,3.5,3.0,5.1,8.1,395,0.707,0.228,528,1.4,0.64,0.34,0.21,-374,-4,-124,0.214,0.119,0,2.0,Kwangdong Freecs
710,Deft,S14,ADC,105,0.524,4.5,3.8,2.2,5.8,8.8,426,0.698,0.29,695,1.59,0.65,0.36,0.18,86,1,-38,0.286,0.086,1,7.0,KT Rolster
711,Envyy,S14,ADC,64,0.219,2.1,3.0,3.0,3.3,9.1,398,0.631,0.283,615,1.19,0.44,0.36,0.16,-380,6,12,0.219,0.125,0,5.0,OK BRION
712,Gumayusi,S14,ADC,124,0.621,4.4,3.6,2.1,5.6,8.8,436,0.656,0.259,640,1.68,0.65,0.43,0.19,101,-6,-139,0.25,0.081,0,6.0,T1
713,Hena,S14,ADC,91,0.374,3.7,3.5,2.3,5.0,8.9,414,0.742,0.274,621,1.55,0.64,0.38,0.18,-278,-8,-118,0.275,0.044,0,8.0,FearX
714,Jiwoo,S14,ADC,84,0.321,2.7,3.4,2.6,3.6,9.0,412,0.684,0.295,662,1.37,0.52,0.39,0.13,-232,-3,-95,0.214,0.083,0,12.0,Nongshim RedForce
715,Leaper,S14,ADC,44,0.477,2.9,2.9,2.3,4.0,9.6,423,0.668,0.265,639,1.11,0.35,0.35,0.09,-508,-6,-228,0.136,0.091,1,4.0,Kwangdong Freecs
716,Paduck,S14,ADC,2,0.0,2.0,1.0,1.5,2.0,8.8,358,0.438,0.219,419,1.32,0.55,0.36,0.2,-202,-2,-166,0.0,0.0,0,0.0,DRX
717,Peyz,S14,ADC,103,0.835,8.0,5.0,1.4,6.3,9.0,461,0.729,0.273,732,1.63,0.62,0.43,0.15,177,-3,87,0.243,0.058,2,14.0,Gen.G eSports
718,Samver,S14,ADC,18,0.111,2.7,3.1,2.5,3.7,8.9,394,0.644,0.249,543,1.26,0.46,0.32,0.15,-173,5,87,0.167,0.0,0,1.0,OK BRION
719,Taeyoon,S14,ADC,4,0.0,0.7,2.0,5.0,1.5,8.8,377,0.424,0.279,609,1.14,0.41,0.45,0.13,-308,8,-111,0.0,0.25,0,0.0,Kwangdong Freecs
720,Teddy,S14,ADC,81,0.259,2.9,3.1,2.3,3.4,9.2,410,0.724,0.306,662,1.46,0.55,0.41,0.13,6,7,26,0.235,0.074,0,8.0,DRX
721,Viper,S14,ADC,112,0.696,6.8,4.6,1.5,5.9,9.6,450,0.717,0.305,750,1.65,0.59,0.46,0.16,248,4,54,0.223,0.08,0,13.0,Hanwha Life eSports
722,Andil,S14,SUPPORT,76,0.461,2.2,0.5,3.7,7.8,1.4,246,0.739,0.085,201,3.15,1.64,0.42,0.36,-181,-4,-146,0.25,0.171,0,1.0,Kwangdong Freecs
723,BeryL,S14,SUPPORT,105,0.524,3.3,1.1,3.0,8.7,1.9,266,0.726,0.093,220,3.29,1.62,0.51,0.49,197,7,275,0.286,0.143,0,4.0,KT Rolster
724,Delight,S14,SUPPORT,112,0.696,4.8,0.8,2.2,10.0,1.6,265,0.745,0.069,165,3.42,1.77,0.45,0.45,96,1,222,0.304,0.071,0,3.0,Hanwha Life eSports
725,Duro,S14,SUPPORT,37,0.432,2.6,0.4,3.1,7.7,1.3,243,0.676,0.057,131,3.56,1.94,0.41,0.57,-41,2,-66,0.27,0.189,0,1.0,FearX
726,Effort,S14,SUPPORT,14,0.071,1.5,0.2,3.3,4.9,1.4,241,0.841,0.083,152,4.16,2.28,0.69,0.66,-469,-25,-723,0.214,0.143,0,0.0,OK BRION
727,Execute,S14,SUPPORT,54,0.333,2.2,0.5,3.7,7.8,1.2,241,0.722,0.077,168,3.34,2.01,0.35,0.52,-136,-7,-225,0.407,0.167,0,1.0,FearX
728,GuGer,S14,SUPPORT,29,0.276,1.6,0.6,3.8,5.5,1.8,239,0.664,0.072,172,3.15,1.67,0.4,0.45,-281,2,-153,0.207,0.103,0,0.0,Nongshim RedForce
729,Kellin,S14,SUPPORT,90,0.522,3.6,0.6,2.6,8.9,1.3,252,0.718,0.085,193,3.48,1.96,0.41,0.46,-33,-5,-231,0.344,0.089,0,0.0,Dplus KIA
730,Keria,S14,SUPPORT,124,0.621,4.2,1.0,2.3,8.5,2.2,278,0.697,0.104,257,3.21,1.81,0.39,0.49,421,13,498,0.282,0.065,0,11.0,T1
731,Lehends,S14,SUPPORT,103,0.835,4.3,0.7,2.5,10.1,1.7,271,0.695,0.07,184,3.28,1.84,0.37,0.53,130,7,78,0.282,0.223,0,4.0,Gen.G eSports
732,Moham,S14,SUPPORT,26,0.577,2.7,0.4,3.8,9.8,1.0,244,0.701,0.063,148,3.75,1.9,0.52,0.59,-245,4,-247,0.192,0.192,0,0.0,Dplus KIA
733,Peter,S14,SUPPORT,44,0.318,3.3,0.5,2.3,7.0,1.4,245,0.751,0.071,150,3.32,1.86,0.41,0.47,-269,-11,-236,0.25,0.068,0,0.0,Nongshim RedForce
734,Pleata,S14,SUPPORT,83,0.253,2.4,0.5,2.6,5.8,1.6,238,0.729,0.084,172,3.44,2.01,0.45,0.51,-169,-5,-133,0.229,0.072,0,2.0,DRX
735,Pollu,S14,SUPPORT,68,0.221,1.9,0.6,3.8,6.6,1.1,232,0.699,0.074,157,3.29,1.8,0.39,0.53,-327,-15,-536,0.338,0.088,0,1.0,OK BRION
736,Quantum,S14,SUPPORT,14,0.286,1.4,0.6,4.5,5.7,1.2,239,0.598,0.111,240,3.58,1.96,0.5,0.47,-247,1,-242,0.071,0.286,0,0.0,Kwangdong Freecs
737,Vital,S14,SUPPORT,11,0.455,2.9,0.6,3.5,9.5,1.3,257,0.752,0.087,203,3.75,1.75,0.64,0.47,102,3,485,0.545,0.0,0,0.0,Nongshim RedForce
